Tony,https://www.douban.com/people/186709120/,2018/11/1,1,2018/12/10,19:47:15,359,王凯简直丑的赶客了，又黑又土又油腻，居然还娘,1,0
芸芸雪儿,https://www.douban.com/people/182637615/,2018/8/10,2,2018/12/10,19:34:24,365,王凯真的太娘了，留个锅盖头娘气冲天，演戏好油，演什么都是王凯自己，正午别再吹良心了，别打情怀骗豆瓣分踩同期剧了，现在于妈都良心本心了，正午再吹那老三样也骗不了人了，剧节奏慢的要死,2,0
风吹百里,https://www.douban.com/people/cheng158557/,2015/11/12,2,2018/12/10,20:02:50,222,王凯现在演18很违和，演技也很麻麻,2,2
不知道你,https://www.douban.com/people/143298152/,2016/3/16,1,2018/12/11,1:29:26,145,王凯的违和先不说了，这个题材拍2.66：1来装逼？自己看看不难受么？,1,0
鹿岛小野,https://www.douban.com/people/184357472/,2018/9/10,1,2018/12/11,22:20:50,70,Ymls2.0感谢wkf开课,1,2
Palification,https://www.douban.com/people/180597464/,2018/7/2,1,2018/12/23,11:07:53,23,某某是基佬还死不承认，去泰国和gay圈名媛各种乱交啪啪啪,1,0
Alan-navy,https://www.douban.com/people/ZHJ623/,2015/6/13,1,2018/12/10,22:35:29,63,一星不解释,1,0
哈哈你好吗亲切,https://www.douban.com/people/148414988/,2016/7/16,1,2018/12/11,19:20:20,70,36岁演十几岁？...,1,0
渭川曲,https://www.douban.com/people/75021019/,2013/7/8,1,2018/12/12,4:46:40,58,很简单，一星,1,0
Further,https://www.douban.com/people/147942800/,2016/7/5,1,2018/12/13,13:51:59,54,这也能上8分？呵，我还是喜欢杨紫的剧,1,2
阳光灿烂,https://www.douban.com/people/172517540/,2018/1/13,1,2018/12/13,15:42:56,57,其他演员还好，就是男主看着尴尬，一脸的褶子非要演个十七八的小伙子😔,1,0
萧影净,https://www.douban.com/people/139027750/,2015/12/15,1,2018/12/19,17:48:21,31,尬吹，不值,1,0
狗逼,https://www.douban.com/people/146863128/,2016/6/9,1,2018/12/14,19:50:36,37,生理厌恶,1,1
啊哦,https://www.douban.com/people/42993556/,2010/7/4,2,2018/12/18,12:41:03,42,我就想说句实话,2,0
紫气东来wbjlz,https://www.douban.com/people/146051741/,2016/5/20,1,2018/12/13,15:33:10,55,看了一集就看不下去了，男主一如既往的装b实在让人反胃,1,1
自由飞翔,https://www.douban.com/people/172514691/,2018/1/13,1,2018/12/19,18:28:05,29,emm，王凯里面的造型真的好像陈家明,1,2
古装颜狗一枚,https://www.douban.com/people/153132091/,2016/10/29,1,2018/12/13,1:20:53,45,欣赏不来,1,0
SCJ,https://www.douban.com/people/174751620/,2018/3/1,2,2018/12/10,22:47:24,56,不要装嫩好吧，实在是太恶心了。本来蛮正常的一个人，哎呀，嗯，实在没办法看。,2,0
似水。流年,https://www.douban.com/people/174819601/,2018/3/2,1,2018/12/19,18:25:28,27,真的尬不好看,1,0
叫我兰帕德,https://www.douban.com/people/chelsea92/,2015/1/2,1,2018/12/24,8:39:26,14,用什么小鲜肉，男的不像男的，不好看,1,0
天使之翼,https://www.douban.com/people/182531974/,2018/8/8,1,2018/12/11,22:46:25,67,杨烁真油腻，把那个年代的复员军人演的简直像个色狼，还有说话的声音像调戏妇女，真给那年代军人丢脸，四颗星全因为他扣,1,0
哈哈哈,https://www.douban.com/people/183010810/,2018/8/15,1,2018/12/17,17:37:37,26,好看吗？,1,2
波姬小丝,https://www.douban.com/people/134459763/,2015/9/12,2,2018/12/13,15:37:24,32,？？？不怎么好看,2,0
Show_Lo,https://www.douban.com/people/122267273/,2015/3/2,1,2018/12/11,9:13:33,49,一般,1,0
tomoe,https://www.douban.com/people/152499540/,2016/10/14,2,2018/12/12,10:53:46,49,少年时期换个小演员嘛，真的看起来视觉上很不舒服,2,0
和尚,https://www.douban.com/people/152648652/,2016/10/18,2,2018/12/12,16:47:45,51,明明是好题材，拍出来却不接地气，尤其是表演，有形无神不走心，以王凯的“棒读”为甚,2,0
��,https://www.douban.com/people/kayrant/,2010/7/30,1,2018/12/25,0:17:20,3,ok,1,2
奚导,https://www.douban.com/people/xidao888/,2014/6/2,1,2018/12/24,11:52:44,19,为啥演的这么假，评分还这么高，怎么看都像是电视剧版演员的诞生,1,0
BG9GXM,https://www.douban.com/people/58526714/,2012/2/13,1,2018/12/25,20:37:10,7,锤子片,1,0
Kay,https://www.douban.com/people/169379155/,2017/11/9,1,2018/12/28,4:03:26,5,不喜欢这个时代,1,0
foggy froggy,https://www.douban.com/people/seraphantom/,2013/7/18,2,2018/12/19,21:08:11,19,在看<激荡三十年>，想看看它如何表现改开三四十年来国民经济发展，本以为这个剧挺契合，却两集弃。本剧的推送时间和党媒开始在年底宣传改开40周年都很有意思。根本没有写实，过于美化了，70年代末的中国农村没有这么好。政治剧可以理解，但不苟同。评分高可能是偶像成分和所谓怀旧情怀过高。乖乖看书去。,2,0
kk,https://www.douban.com/people/174086943/,2018/2/17,1,2018/12/16,9:13:36,28,真不知道这豆这么高是怎么打的我看一集也就这样,1,0
沙拉勺子,https://www.douban.com/people/anjiji/,2009/6/29,1,2018/12/29,5:49:40,7,最近总是和豆瓣群众背道相驰，感觉开始严重怀疑自己的审美观，可怕。。。,1,0
Charlie Hsu,https://www.douban.com/people/171083625/,2017/12/15,1,2018/12/28,15:01:44,9,烂烂烂,1,0
洗象红衣,https://www.douban.com/people/137127393/,2015/11/4,1,2018/12/26,23:11:39,8,有部小说叫大江东去，它有部连故事节奏都把握不好的同人叫大江大河（手动拜拜）。,1,0
吃我咸鱼突刺,https://www.douban.com/people/65095398/,2012/10/3,1,2018/12/16,20:00:16,17,年代剧不是问题，问题是近期上映的都是年代剧，《外滩钟声》、《我们的四十年》、《那座城这家人》、《大江大河》，感觉跟当年重庆唱红歌、更早的样板戏一个意思，不好意思，全部一星。,1,0
桃花庵下桃花仙,https://www.douban.com/people/139019096/,2015/12/15,2,2018/12/14,22:52:38,24,一星给原著，一星给正午阳光，作为阿耐书粉加正午自来水，对这部剧本是抱有很大期望的，但是选角有大问题，王凯演十几岁的少年实在太出戏，而且他身上真的有浓浓的“受”感，粉丝吹得演技也没看出来，有点失望😞,2,0
Hidden Man,https://www.douban.com/people/156680737/,2017/1/21,1,2018/12/26,23:00:37,8,戳爆演技吧，还尼玛吹王凯那演技呢？,1,0
追梦少年,https://www.douban.com/people/154072665/,2016/11/20,2,2018/12/26,22:09:06,4,一般般，要是主演是胡歌就好了,2,0
白柠夔,https://www.douban.com/people/3675380/,2009/2/20,1,2018/12/19,17:56:28,15,拍的一点也不写实,1,0
最爱 😘,https://www.douban.com/people/141964498/,2016/2/15,1,2018/12/25,21:47:02,8,平淡无奇,1,1
tsubasajin,https://www.douban.com/people/149057528/,2016/8/1,1,2018/12/23,12:40:12,15,看了几集不咋滴很无趣的一部片,1,0
大啃,https://www.douban.com/people/kenny_surface/,2008/7/24,1,2018/12/28,16:28:21,0,,1,1
红颜劫,https://www.douban.com/people/182681720/,2018/8/10,1,2018/12/18,22:16:24,27,看了两集看不下去，不明白分数这么高，很违和,1,0
茄子😘🐵,https://www.douban.com/people/155433335/,2016/12/23,1,2018/12/27,0:04:04,16,看到32集太气了，小雷家的戏看得烦躁死了，为什么小雷家的人可以讨厌到这种地步！！！宋运辉为啥突然谈恋爱了？？突然撩妹，怎么没有过度的？太气了嘤！,1,0
羽,https://www.douban.com/people/169520345/,2017/11/12,1,2018/12/14,22:29:44,30,各有各的看法，个人觉得不真实，很多情节有点想当然，当时农村人的形态根本不是这样的好不好？不要用现代人的观点去看那段历史,1,2
红狐羚,https://www.douban.com/people/136438626/,2015/10/22,2,2018/12/16,8:14:28,25,捧得太高了，实在一般，叫好的部分与其他献礼剧叙述无差别，全部顺溜滑，鬼也知道部部如此。现在还加个奇葩婆媳关系，烂扯一气。本来2分，拖沓，老套没新意，减1分平抑一下。,2,0
豆友185364338,https://www.douban.com/people/185364338/,2018/10/3,1,2018/12/29,17:53:31,8,给一星都多了,1,0
蓝蓝李,https://www.douban.com/people/154753955/,2016/12/7,2,2018/12/26,21:09:51,7,改革开放以来发展最快的就是追星文化,2,2
乔帮主,https://www.douban.com/people/63962024/,2012/8/18,1,2018/12/28,16:31:24,8,太难看了！！浪费kkw颜值,1,0
八圈,https://www.douban.com/people/cuddle/,2006/2/16,1,2018/12/24,18:48:22,12,看了一集中的前二十分钟。果断关掉。太可怕了，这种四十岁装娇羞的嘟嘴表情王凯你是怎么做出来的。这些演员每句对话都是装腔作势地假啊天哪。,1,0
辰枢巷,https://www.douban.com/people/csx18367964289/,2015/5/16,1,2018/12/29,14:30:03,11,我也想说句实话,1,0
咖喱鸡饭,https://www.douban.com/people/178325187/,2018/5/6,2,2018/12/11,20:56:34,36,节奏慢，不是剧情上的慢，我知道书里描写的篇幅很多，但是主人公的对话有些啰嗦，有很多不必要还尴尬的台词和情节。小包总杨烁的声音总让我出戏，演技很一般了。演员们过于往年代戏上靠，用力表现的自然，倒是显得不自然了。,2,0
無邪気火炭麗綺,https://www.douban.com/people/ZettonToHana/,2011/2/17,2,2018/12/27,11:50:17,5,剧情是好剧情导演也是好导演但是就是摆脱不了中国正义雷锋式主角的套路太多这种剧人是很容易道德脆弱的微博上整天骂明星出轨夜店吸烟的网友应该就是这么长大的太讨厌了太太太讨厌了国产剧观众太可怜了,2,0
乔木依依,https://www.douban.com/people/177211713/,2018/4/12,2,2018/12/25,22:22:47,8,就是9.0分也救不了无聊的剧情，为什么这么高的分却不是一部值得期待的剧，迷茫,2,2
烟火旭日,https://www.douban.com/people/65586955/,2012/10/22,2,2018/12/17,14:13:43,19,演的太假,2,0
小杨树,https://www.douban.com/people/yjhxiaoyangshu/,2017/5/17,2,2018/12/19,21:38:30,14,前面不错，越演越水了。,2,2
人群中的那只鬼,https://www.douban.com/people/47291246/,2010/11/10,1,2018/12/23,0:35:16,12,中国剧好不好，听两句台词全明了,1,1
田老师,https://www.douban.com/people/60115450/,2012/4/6,1,2018/12/28,0:56:27,6,8.9的评分真的很高，但看了7集，放弃了。可能是不太喜欢这种题材，或者拍摄的手法不是我喜欢的，更或者是我不是那个年代的同志，完全没能投身融入进去。剧情的演员有年轻时黄晓明和章子怡的影子。个人不喜欢，故不推荐，1星。谨献给那个年代的人。,1,0
奇异果,https://www.douban.com/people/148781789/,2016/7/25,1,2018/12/26,1:31:38,10,不好看！被阉割的剧情，被阉割的人物，还有演谁都一样的比被阄割过更惨不忍睹的演技，全剧也只有童谣，杨立新还可以看看。,1,0
哈哈,https://www.douban.com/people/157490947/,2017/2/7,1,2018/12/28,21:49:31,15,一星送给全局面瘫脸的王凯，不懂你们说他演的好，哪里好？,1,0
Seven,https://www.douban.com/people/162601534/,2017/6/16,1,2018/12/27,21:21:05,6,这能瞎编,1,1
呦弧,https://www.douban.com/people/179600840/,2018/6/7,2,2018/12/25,23:47:05,9,节奏也太慢了，看不下去了，男主尬演18岁。,2,0
小鱼🐟,https://www.douban.com/people/162950900/,2017/6/24,1,2018/12/26,8:59:31,10,啥玩意？？😶不好意思我老师同学今天还在吐槽的烂片。。。。还能有更低的分吗？？主演演技low爆，就那么几个实力派撑起全剧。。。,1,1
陌陌,https://www.douban.com/people/188610284/,2018/12/13,1,2018/12/27,22:12:03,9,男主角好丑。,1,1
梦醉西楼,https://www.douban.com/people/150551359/,2016/8/31,1,2018/12/27,14:43:40,4,难看矫情,1,0
莫锦楠,https://www.douban.com/people/170715026/,2017/12/7,1,2018/12/20,22:57:09,17,本来准备看完给五星的，结果把姐姐给写死了，弃剧了，真心不想看了，导演有毛病吧？,1,0
不是青苔,https://www.douban.com/people/68618706/,2013/1/30,2,2018/12/20,1:04:46,8,有人数过第一集里人民日报发表社论这句台词一共出现了几十次吗？,2,0
张震普拉斯,https://www.douban.com/people/andrewsqure/,2011/7/16,2,2018/12/24,23:27:57,9,一般吧。王凯的面瘫演技。剧情真的是…又慢又土…,2,0
拒绝抄袭衍生品,https://www.douban.com/people/164398687/,2017/7/28,1,2018/12/28,23:12:15,13,连看八集，宋运辉太变态了，我已经吐了，这剧和《平凡的世界》《白鹿原》哪有可比性！无论原著还是电视剧都比不了！姐姐倒是挺漂亮的，小女生也很可爱。,1,0
发烧，梦回蓝桥,https://www.douban.com/people/147903539/,2016/7/4,1,2018/12/18,20:08:27,11,永远抓住亿万分之一的个体成功,1,2
零,https://www.douban.com/people/mko07/,2010/5/28,2,2018/12/20,11:00:47,11,王凯真的是一个极具个人风格的演员：擅长将任何性格的人物全部演成二愣子傻逼。这部剧为了迎合某主题，把小说情节重新剪辑加整合得面目全非，还不如看原书。,2,2
Ben,https://www.douban.com/people/polaris718/,2008/6/9,1,2018/12/21,18:22:22,10,没啥可说的，这是你应得的，满足你！,1,1
恠往逺方,https://www.douban.com/people/69460901/,2013/2/24,1,2018/12/18,17:17:15,11,好多地方与真实历史情况不相符,1,0
小萌鱼的旅行,https://www.douban.com/people/166360413/,2017/9/4,1,2018/12/18,22:08:09,14,看了5集，看不下去了。分打得这么这么高，不可思议。杨烁演得一如既往的差。王凯演得也不咋地。,1,0
真诚的影评人,https://www.douban.com/people/179782996/,2018/6/11,1,2018/12/25,22:00:09,4,无聊的剧情和老套的情节，不是感人的那种，看不下去。主角演技还有很大的提升空间。,1,1
Alon,https://www.douban.com/people/47579606/,2010/11/22,1,2018/12/22,4:12:07,12,一般般，分有点虚高。,1,0
徐内向,https://www.douban.com/people/goodbyekiller/,2009/5/2,1,2019/1/2,18:34:27,9,差评居然这么少？豆瓣果然不是以前的豆瓣了==,1,0
面向阳光,https://www.douban.com/people/178436759/,2018/5/9,1,2018/12/20,19:19:37,13,并没有感觉多好。,1,1
沙漠里有宝藏吗,https://www.douban.com/people/159660825/,2017/3/29,2,2018/12/27,11:00:29,5,讲真我不喜欢这个故事背景，剧情也好无聊，看了十分种看不下去了,2,0
潇潇,https://www.douban.com/people/169246333/,2017/11/6,1,2018/12/17,15:48:51,11,挺服正午的。国剧有希望了。,1,1
[已注销],https://www.douban.com/people/181510391/,unknow,1,2018/12/22,23:49:17,10,高考是1977年恢复的，根本不是1978年。恢复高考的首届大学生是1977年秋季高考，1978年初入学，称为77级。1978年高考，当年秋季入学的，是恢复高考后的第二届大学生，称为78级。电视剧什么1978年这文件那政策的，纯属瞎编，是扯淡！许多细节更是想当然，与生活不相干！后面看不下去，算是看了！一颗星。,1,0
那只小狐狸,https://www.douban.com/people/59828080/,2012/3/26,2,2018/12/24,11:40:46,3,好是好，看完不开心是真的不开心。,2,2
烟酒,https://www.douban.com/people/184333779/,2018/9/10,2,2018/12/28,12:07:01,1,说真的，剧情一般。农民的朴素没了，一堆勾心斗角。让人看了，总感觉这世上没一个好人。,2,0
陆珩,https://www.douban.com/people/187401014/,2018/11/16,1,2018/12/22,14:37:39,7,太正了，太假了,1,0
Miracle,https://www.douban.com/people/140930441/,2016/1/22,1,2018/12/29,18:54:45,2,二倍速的看都嫌磨叽期待杨烁的戏却等不到了弃,1,1
rrryyy,https://www.douban.com/people/royedo/,2007/9/14,2,2018/12/30,1:55:03,1,我真讨厌陪老太太看电视剧,2,1
猫爷,https://www.douban.com/people/139381361/,2015/12/23,1,2018/12/30,13:43:54,1,最大的败笔主角居然有毛病。编剧导演是啥x吗。主角不停的挤鼻子，这什么玩意。小孩子看了就会模仿，这是在危害青少年。懂不懂？,1,0
我是一只招财猫,https://www.douban.com/people/59743747/,2012/3/23,1,2018/12/17,17:39:42,6,非得编剧情学生和老师相恋被拆散吗？？？？,1,0
梅婆小公举,https://www.douban.com/people/jixiantiaozhan0/,2016/9/26,1,2018/12/28,21:05:42,7,波澜壮阔的时代大潮的背景下，没有讲好完整流畅的故事，过度追求所谓的细节还原，反倒局限一隅，捡芝麻丢西瓜,1,0
beat,https://www.douban.com/people/173172677/,2018/1/27,1,2018/12/29,22:19:12,2,素材很好，但导演和演员用力都过猛,1,2
西厢冷,https://www.douban.com/people/51393732/,2011/5/6,2,2018/12/24,13:41:31,7,流水账一样的剧，小雷家这条线还行，宋晓辉这条线味同嚼蜡，而且王凯的演技基本等于无，完全没想到这剧竟然8.9分，可能我看到了假的剧，或者假的豆瓣,2,0
蜜仁,https://www.douban.com/people/183037957/,2018/8/16,1,2018/12/17,20:35:32,14,三个人全是男性。不知道是有意还是无意，这类题材永远是用男性角度。女性在这个变革时代做的贡献好像习惯性被无视被忽略。剧里出现的女性只负责感情戏。想看一部女性自立自强的华语剧那么难吗？好好拍部非清宫抢男人的大女主行不行,1,0
中华威武,https://www.douban.com/people/185922832/,2018/10/15,1,2018/12/27,8:30:13,5,剧情还不错，王凯演技油腻,1,2
fxhshanxia,https://www.douban.com/people/157014605/,2017/1/30,2,2018/12/28,19:01:59,3,演技没吹的那么好演年轻时候的比较做作,2,2
A安子璇,https://www.douban.com/people/182315774/,2018/8/4,2,2018/12/28,12:17:02,2,电视剧布景虽然说提前准备了，但是有些东西还是没有还原出来，杨烁表现出彩，王凯中规中矩,2,2
茝蘅长歌,https://www.douban.com/people/134049330/,2015/9/3,1,2018/12/27,15:52:48,1,正午的剧质量还是有保证的，但是评分虚高，这个剧并没有太多让人分享的欲望。杨烁和童谣小姐姐很甜，至于王凯，按摩的阿姨评价，怎么说也是个大学生，演的太傻了。一语中的。,1,0
王子归来,https://www.douban.com/people/180339815/,2018/6/26,1,2018/12/31,23:37:49,4,比原著差远了,1,0
Eric,https://www.douban.com/people/EricBiao/,2008/10/4,2,2018/12/20,14:56:54,3,看不出来哪里好,2,0
wingli,https://www.douban.com/people/53424095/,2011/7/30,1,2018/12/29,19:52:26,6,冲着高分看了一集，看不下去了。迫不及待直接看了分集剧情，果然，就是一部充满传统意味的七八十年代的奋斗童话。人物演员真实性都没什么不好，都挺好的。就是剧情及表达的思想，实在令我无法忍受，弃之。中国什么时候，才能拍些充满时代社会意味，引人深思，有深度的剧，而不是一味地舔政府呢？,1,2
Lone2,https://www.douban.com/people/61703004/,2012/5/26,1,2018/12/22,14:20:27,3,王凯演的像个智障,1,1
waterlily,https://www.douban.com/people/138952581/,2015/12/13,1,2018/12/20,23:38:54,3,是很无趣的，不值这么高分！还是为和平饭店鸣不平,1,0
guaiguai,https://www.douban.com/people/159800192/,2017/4/2,1,2018/12/17,10:45:09,8,看到现在，说实话王凯演技完全被杨烁碾压，戏份太少，灵魂男主，沦为背景板,1,0
goldlya,https://www.douban.com/people/33572918/,2010/1/22,2,2018/12/16,22:19:09,5,吃饭时听了一会儿，感觉把上大学塑造的很功利,2,2
___呆呆,https://www.douban.com/people/2521454/,2008/5/25,1,2018/12/14,21:50:15,12,不知道哪儿好看…只看到了这个家庭对女孩子的压榨,1,2
AnkhsSan,https://www.douban.com/people/xurn/,2012/5/2,2,2018/12/29,23:29:55,2,大江大河，又臭又长？,2,0
大大大大黄,https://www.douban.com/people/165104205/,2017/8/9,2,2018/12/20,18:11:20,3,我是不怎么喜欢看了。,2,0
星期5,https://www.douban.com/people/127977515/,2015/5/21,2,2018/12/29,23:11:38,1,浪费时间,2,0
你若盛开，清风,https://www.douban.com/people/186965208/,2018/11/7,2,2018/12/16,19:12:14,6,看了几集，没必要把60年代的东西往70年代堆，比如上大学政审的事情。而且选角一般。,2,0
小Y,https://www.douban.com/people/171718035/,2017/12/28,1,2018/12/28,0:09:17,3,不过是一部尚可一看的作品，却被夸的如此之高。不敢苟同,1,0
浪子出家人,https://www.douban.com/people/164215892/,2017/7/24,2,2019/1/2,20:12:58,1,说实话，最讨厌这种剧了，其实很狗血,2,0
豆友188025050,https://www.douban.com/people/188025050/,2018/11/30,1,2018/12/16,14:33:55,8,不真实,1,1
衔蝉雪花猫,https://www.douban.com/people/139521903/,2015/12/26,2,2018/12/28,17:55:47,7,？？？评分这么高，我觉得完全不戳人啊，还是高服化道偶像剧……孔笙这几年一贯的套路啊，剧本很一般啊……也没觉得拍的很80年代，没融进去的感觉,2,0
就想打你,https://www.douban.com/people/stillbuding/,2006/11/30,1,2018/12/18,10:06:08,7,神烦杨烁,1,0
真悲剧平男,https://www.douban.com/people/139773323/,2015/12/31,2,2018/12/26,20:05:50,4,两个万能人一个干什么成什么，一个进厂一个月，抵得上千军万马。剧情进度那叫一个慢，看得累死人。,2,0
史文恭亲娘,https://www.douban.com/people/115644247/,2014/12/19,2,2018/12/30,2:48:24,2,做作,2,1
卷耳猫Nico,https://www.douban.com/people/174662042/,2018/2/27,2,2018/12/29,18:04:33,6,评分虚高，姐姐死了就不想看了，对男主无感，喜欢杨烁多一些！,2,0
iclesss,https://www.douban.com/people/154683888/,2016/12/5,2,2018/12/18,1:06:53,3,额,2,1
秋野さおり,https://www.douban.com/people/130564321/,2015/7/1,1,2018/12/13,17:20:04,7,观众也太好糊弄了,1,0
随便走走,https://www.douban.com/people/177871549/,2018/4/26,2,2018/12/22,22:01:04,3,额…没有评论说的那么好吧，剧情好慢好慢…看了四集还是没进入主题。弃,2,0
老三,https://www.douban.com/people/121049880/,2015/2/4,1,2019/1/1,20:49:19,1,来降降温,1,2
Allen,https://www.douban.com/people/75764477/,2013/7/25,2,2019/1/1,19:51:18,3,被高估了，7分左右差不多，剧情上细节的漏洞和不合理的地方比比皆是。,2,0
海蓝,https://www.douban.com/people/184137193/,2018/9/5,2,2018/12/17,18:27:14,10,没感觉好看，起码前两集完全没感觉。,2,0
海阔天空,https://www.douban.com/people/152135870/,2016/10/6,1,2018/12/16,16:25:28,4,选角让人失望😥,1,0
qqmmjj,https://www.douban.com/people/150351399/,2016/8/27,1,2018/12/26,12:53:07,1,受到小包总嗓音的困扰，不是我的菜,1,0
鬼剪羽,https://www.douban.com/people/122347449/,2015/3/4,2,2018/12/16,21:03:36,3,不行不行，不好看,2,0
爱吃虾,https://www.douban.com/people/171717220/,2017/12/28,2,2018/12/17,20:39:26,16,评分有点过高了吧？！中规中矩的一部戏！剧本套路明显，情节和人物几乎找不到亮点，人物开挂式的成长史，各种口号式的台词，流露出创作者满满的求生欲！披着现实主义的外衣实则全是意淫和讨好，那真是国产电视剧的悲哀了！ps：杨烁这个演员无论形象表演声音都透着一股令人作呕的油腻！,2,0
风闻他很美,https://www.douban.com/people/165422655/,2017/8/15,1,2018/12/26,19:51:13,3,评分虚高，总的来说6分剧,1,0
吃瓜群众,https://www.douban.com/people/148826504/,2016/7/26,2,2018/12/27,22:00:17,1,过得去,2,1
月满似时,https://www.douban.com/people/DCPulsating/,2013/7/23,2,2019/1/1,12:39:02,4,原著也就是网文水平吧，主角无脑开挂，满足了作者对于自身没达到的知识分子人生巅峰的可笑意淫，幸好演员还行，如果把平凡的世界的剧本加上这部剧的演员，那就真的五星了,2,0
骰子,https://www.douban.com/people/175956453/,2018/3/26,1,2018/12/18,18:08:31,6,选角很违和，感觉太强行了。题材也不是我喜欢的题材，卖情怀太过就很腻了。,1,2
달콤한,https://www.douban.com/people/172430098/,2018/1/11,1,2018/12/18,1:39:55,7,一般,1,0
最忠实的观众,https://www.douban.com/people/158604025/,2017/3/4,1,2018/12/20,19:42:05,4,很一般啊，我说演技有点emmm,1,0
W.J,https://www.douban.com/people/155096785/,2016/12/16,1,2018/12/21,22:08:03,4,编剧个贱人，为了多加女演员。强行写死萍萍，别怪我狠心。一星奉上,1,0
STJ,https://www.douban.com/people/stjgm/,2015/5/11,2,2018/12/30,3:36:58,1,4分送给老一辈，节奏慢的不行，看睡着了。,2,0
橘猫皮卡丘,https://www.douban.com/people/sin13cos14/,2013/12/30,1,2018/12/30,16:35:32,5,越往后，越缺少张力，看的困了,1,0
echo,https://www.douban.com/people/143191830/,2016/3/13,1,2018/12/22,12:58:33,6,不好意思王凯的演技让我实在看不下去👎,1,0
崭波,https://www.douban.com/people/184198913/,2018/9/7,2,2018/12/13,15:14:02,13,正午被吹过了，正午的演员也被吹过了。,2,0
惕然,https://www.douban.com/people/155384200/,2016/12/22,1,2018/12/16,22:08:45,4,一分给杨烁，不能再多了。,1,0
Eao,https://www.douban.com/people/178635652/,2018/5/13,1,2018/12/30,20:53:16,6,这部剧很多细节很好看，不过看到一半感觉宋运辉这个角色塑造的有点偏离现实，像是所有人都要围绕他讨好他才能活下去一样，太不符合年代现实,1,0
Birdy.H,https://www.douban.com/people/Erin0202/,2007/6/15,1,2019/1/3,11:28:06,1,叨叨的烦死了,1,1
Rogue,https://www.douban.com/people/fadfassfadsfasd/,2015/12/2,1,2019/1/1,20:18:26,3,熱門評論說節奏快我兩倍速加快進都嫌慢3集棄,1,0
起个名字真难,https://www.douban.com/people/144928594/,2016/4/23,2,2019/1/1,20:10:00,3,国产佳作，仅限国产。再怎么用心也挡不住虚大的47集✖️45分钟。看电视剧能感觉像是我自己在工作，那些无聊的工作破事一遍一遍提，靠各位角色的嘴推动一切，凑时间也全靠这个，《人民的名义》是你失散多年的兄弟？,2,0
comacoma,https://www.douban.com/people/3641518/,2009/2/14,1,2018/12/15,1:33:52,9,不真实。,1,1
程博衍对象儿,https://www.douban.com/people/Lokry666/,2014/8/12,2,2018/12/15,19:54:19,4,演员的口音绝了都一溜乱七八糟北方人剪辑喝大了吧台词直接从政治1抠来的,2,2
流年*指尖的沙,https://www.douban.com/people/171975725/,2018/1/2,1,2018/12/16,17:35:30,4,很遗憾小说改编的并不如小说好看,1,0
ICPO小鹏……,https://www.douban.com/people/175733048/,2018/3/21,2,2018/12/30,20:30:17,4,用木制锅盖做白面米饭，人人一套白色衬衫，这特么是改革开放初期？高考恢复前读清北的都是些什么人？,2,0
太阳好大吖,https://www.douban.com/people/36698909/,2010/3/9,2,2018/12/30,2:50:01,1,2星给雷东宝和杨巡，演得好。,2,2
醒了吗,https://www.douban.com/people/139740355/,2015/12/30,1,2019/1/2,20:38:31,1,真难看，现代剧剧情脱离实际，重大历史事件与事实不符。这是把观众当傻子,1,0
赛马输钱,https://www.douban.com/people/171798328/,2017/12/30,2,2018/12/15,12:13:14,8,我想大家是过誉了，这剧打着改革开放的旗号，拍得都是一些家长里短的事儿，小说原著也没看出有多好，拍正剧是正午阳光和孔笙导演的短板，唯一可取的是拍摄水平一如既往的好。,2,0
勇敢的小熊猫,https://www.douban.com/people/46447001/,2010/10/7,2,2018/12/15,17:54:39,9,时无英雄，使庶子成名。,2,0
泥巴坦克,https://www.douban.com/people/1090841/,2006/2/1,1,2018/12/21,19:51:27,2,看了五分钟看不下去了，实在是太恶心了,1,0
菜鸟情人,https://www.douban.com/people/175677561/,2018/3/20,1,2018/12/30,10:10:24,1,不是黑，是真的看不下去，演技和服化道太辣眼睛了，现在是不是根本不照顾70后80后或者年纪更大的观众了，但是我十几岁的时候也是不看这种水平的剧的,1,0
Jesseliu,https://www.douban.com/people/jian2006/,2006/10/20,2,2018/12/30,23:44:41,6,这个算强评了，只看了中间的两集，不得不说演员选择、场景等比较失败，演员都过于现代感了，特别是小包总的拿腔作势怎么看都不像个内心受伤的农民，看了下导演是孔笙，《琅琊榜》《北平无战事》导演，怪不得那么尬，其他的片子没看过不好说，但就这几部看来，这个导演确实不合我个人口味。,2,0
萝卜糕,https://www.douban.com/people/181911255/,2018/7/29,2,2018/12/14,4:31:46,10,本来很期待，看了很失望，有些地方三观有问题，造型一言难尽，那个年代都是这样我知道，但就是演员的精气神不融入,2,0
北海以北,https://www.douban.com/people/38586420/,2010/4/8,1,2018/12/20,14:34:18,2,为什么要让宋运萍死了，为什么！我就是难过的想打一星，太难过了😫,1,0
福气满满,https://www.douban.com/people/renyiqiu1123/,2013/8/19,2,2018/12/10,22:13:12,13,主演真的很尴尬，最有年代感是妇女主任。铺天盖地的宣传太有钱了,2,0
荼阿白,https://www.douban.com/people/endzz/,2010/1/11,2,2018/12/17,20:48:40,10,只看到ep15弃，台词太两极化了，我想把编剧拖出来读一百遍白居易，全篇感觉不是百度百科复制就是新华社文风，宛如小孩不懂事整天穿高跟鞋哒哒哒蹦跳，尴尬。（纯吐槽剧本文本，尽管我是王凯路人粉）,2,0
charlescc,https://www.douban.com/people/78339200/,2013/9/24,2,2018/12/30,0:37:58,1,网上下载看了几集，看不下去了。从业余观众角度看，剧本是好剧本，演员表演太浮夸，不适合拍成偶像剧啊！,2,0
zjbalone,https://www.douban.com/people/181443007/,2018/7/19,2,2018/12/12,22:47:00,6,哇,2,2
加加布鲁根,https://www.douban.com/people/141690978/,2016/2/9,2,2018/12/11,20:40:44,9,拍的没问题，演的也没问题，但为什么看不进去？嗯，有点普通,2,1
zl！yf,https://www.douban.com/people/183074802/,2018/8/16,2,2019/1/3,11:20:49,2,正午别过度营销了OK？,2,0
铃铃铃,https://www.douban.com/people/52798365/,2011/7/3,2,2018/12/27,23:04:49,2,年代感缺失，质感和现代都市剧无异，配乐违和且敷衍。对现在电视剧演员的路子不太了解，但多数有种一套演技走天下的意思。一个设定上有点个性但不管从剧作还是表演层面上都立不起来的角色真是看着太难受了。,2,0
米高炯,https://www.douban.com/people/michaeljonjon/,2011/2/21,1,2019/1/2,0:48:20,2,拍摄和剪辑简直就是拍网剧和微电影的水平,1,2
Bad girl,https://www.douban.com/people/138165295/,2015/11/25,1,2018/12/31,12:42:44,5,不觉得剧情太拖了吗,1,0
四嫚,https://www.douban.com/people/178496582/,2018/5/10,2,2018/12/18,18:49:37,10,"很不讲究，70年代男主的家庭四口人吃饭，四五个菜，纯属扯淡，就他家那成分，家里养兔子，竟然没有举报的，梁思申小学生会说""煽情""，小雷家贫困村房子竟然蓝砖抹灰，光棍汉子穿的衣服干净整洁，骗鬼啊。演员端着演，看着累。雷冬宝比较符合人物。",2,0
tyxing,https://www.douban.com/people/48475256/,2010/12/31,2,2018/12/16,14:25:42,5,浓浓的雕琢感，剧情乏味,2,2
OrigamiEra,https://www.douban.com/people/132314907/,2015/8/1,1,2018/12/20,23:45:31,1,特别好看啊啊啊啊！！求求你每天更新一百集吧！！！(姐姐死了不看了),1,2
ZacharyLou,https://www.douban.com/people/louzhao8712/,2010/4/1,1,2018/12/16,13:20:45,4,节奏慢得无法忍受,1,0
jcyseu,https://www.douban.com/people/87676039/,2014/4/20,2,2018/12/17,17:43:27,10,4集弃，一看是欢乐颂的作者原著就知道期望不能太高，有想模仿平凡的世界但是水平完全不在一个档次，台词搞笑的极其膈应。王凯的演技无聊但是还算看的下去，小包总的演技真是灾难级别的辣眼睛。,2,0
微默枫故,https://www.douban.com/people/131433412/,2015/7/15,1,2018/12/26,16:12:21,0,辣鸡电视剧,1,2
暂别,https://www.douban.com/people/154070077/,2016/11/20,2,2018/12/21,18:03:29,5,太假了，演技。一家人全是演出来的。正确的家庭氛围请参照《请回答1988》。,2,0
毛球一身毛,https://www.douban.com/people/57987696/,2012/1/23,1,2019/1/1,9:18:58,1,实在是难看，这个真的不是在黑zf的剧吗,1,0
可乐飛冰®,https://www.douban.com/people/184036220/,2018/9/3,1,2018/12/22,11:49:20,5,剧情磨叽,1,1
957947475xukua,https://www.douban.com/people/149970040/,2016/8/19,1,2018/12/14,10:31:54,7,一般般,1,0
著名广告导演,https://www.douban.com/people/181808637/,2018/7/27,2,2019/1/4,4:59:49,5,看了前几集和后几集，水准差距好大。后面节奏崩了，配角加戏疯了。,2,0
颜真卿,https://www.douban.com/people/174596296/,2018/2/26,1,2018/12/21,1:17:43,3,不喜欢男二的油腻感，真的够了,1,0
Santorini,https://www.douban.com/people/150948299/,2016/9/9,2,2018/12/11,21:45:29,6,节奏慢了吧，好想吐槽王凯的造型，剧情没有太吸引人的地方,2,0
wind,https://www.douban.com/people/4344316/,2009/6/6,1,2018/12/21,14:54:35,1,原谅我于萍萍之死怒而打一星。想哭,1,0
李现的现女友,https://www.douban.com/people/184304759/,2018/9/9,2,2018/12/21,0:12:26,4,不太喜欢,2,1
clytze,https://www.douban.com/people/57751485/,2012/1/13,2,2018/12/31,0:27:31,3,评分是刷出来的么……坚持看了7.8集就弃了，剧情实在太慢，而且太平了对不起这个名字和主题啊。女主萍萍真的是仙女本人了，付出了太多，心疼她。,2,0
Die Katze,https://www.douban.com/people/maynepaddy/,2009/4/28,1,2019/1/3,13:58:25,2,不接地气。,1,1
Iris_zhuang,https://www.douban.com/people/62705536/,2012/6/30,1,2018/12/31,9:24:42,1,不管怎么吹，但电视总得让人看得进去的才叫电视吧，我真是狠狠尝试数次，一次都看！不！进！去！,1,0
晨曦,https://www.douban.com/people/151205169/,2016/9/16,2,2018/12/22,12:00:38,2,还好吧,2,1
小田切梨,https://www.douban.com/people/afeidemimi/,2011/12/2,2,2018/12/11,23:30:59,9,剪辑跳tone和音频补丁那么碍眼，是故意留下来标示GDZJ的修改意见？说正午阳光活儿细，也不过尔尔。,2,0
明日天涯,https://www.douban.com/people/foreverdrama/,2007/7/5,2,2018/12/14,9:56:52,9,从第三集开始就荒腔走板了～特别是雷东宝几个，精气神、人物对白完全出戏。前几集同样说恢复高考、文革平反、小人物的命运，编剧李晓明、导演安战军的《一年又一年》就精彩的多,2,2
我是美女wopawo,https://www.douban.com/people/155191393/,2016/12/18,2,2018/12/26,16:22:17,1,萍萍死了,2,0
以歌我心,https://www.douban.com/people/153294852/,2016/11/1,1,2018/12/10,21:58:30,4,看了两集极其无聊恬躁的剧王凯下巴真丑。。,1,0
zwlily,https://www.douban.com/people/115189139/,2014/12/13,2,2018/12/30,22:07:00,0,陪家里老人看的，节奏慢故事线有点散，戏剧冲突也比较平淡。台词写得一般，高考政审这段过于夸张，那个年代政审档案材料根本不可能交到当事人的手中。演员都中规中矩吧，演雷东宝的杨烁还不错。,2,0
Jason,https://www.douban.com/people/lizn89757/,2018/4/2,2,2018/12/26,22:06:07,0,你说好看吧，也没有，但是还是能让人看下去，但又觉得索然无味。。,2,0
YLieebe,https://www.douban.com/people/148963425/,2016/7/29,1,2018/12/13,23:42:57,6,真的太难看了，演的什么呀，看的一身鸡皮疙瘩，有没有对时代的认知啊？可怕！可悲,1,0
专属,https://www.douban.com/people/169615300/,2017/11/14,1,2018/12/10,21:52:20,5,不咋地,1,0
Tough,https://www.douban.com/people/28212620/,2009/12/8,2,2019/1/1,17:18:12,1,推荐给妈还是不错的。其中一些部分还不错，比较现实，展现了历史进程的每一重大事件。调性实在太老，背景乐受不太了。豆瓣什么时候被大妈占领了。没人推荐估计我不会看。,2,0
生涯,https://www.douban.com/people/155539574/,2016/12/26,2,2019/1/3,11:28:51,1,演技和人物塑造就不说了，基本打一星的都是为这个。其中很多硬伤明显透露出编剧和原作根本就不懂生活。国产职业剧还是很缺乏专业精神。和日韩相关剧集差距太大！,2,0
猴子将,https://www.douban.com/people/131073302/,2015/7/10,1,2018/12/16,15:24:09,8,七分吧，东宝嗓子我真是怕他说话把自己憋死,1,0
快火火,https://www.douban.com/people/140256005/,2016/1/8,2,2018/12/21,12:42:58,1,不咋的，不喜欢剧情,2,0
在水一方,https://www.douban.com/people/158769552/,2017/3/7,2,2018/12/12,21:04:52,7,王凯演不出宋运辉的倔强性格，看着特生硬，杨烁倒是演出了一个大老粗的形象，两星给孔笙。,2,0
小不点无语,https://www.douban.com/people/132382999/,2015/8/2,1,2019/1/30,22:31:04,3,分数太高，强行降分，没看出多好，粉太多,1,0
二火山,https://www.douban.com/people/51016659/,2011/4/21,2,2018/12/13,8:39:08,2,每集容量很少，节奏很慢（下饭都嫌慢），除了在布景、服装和台词上强调了下年代感，几位主演的表演方式都是很现代的，尤其摄影，有些镜头不是往电影范儿上贴就显得高级，反而不伦不类的。,2,0
JOHNSON,https://www.douban.com/people/134410343/,2015/9/11,1,2019/1/11,5:52:57,1,男权社会下的吃女人故事,1,2
年少无知随便,https://www.douban.com/people/169251137/,2017/11/6,1,2018/12/12,16:27:49,8,一星给正午，其他的没啥看头。,1,0
农历九月廿一,https://www.douban.com/people/84561992/,2014/3/8,1,2019/1/3,22:18:56,0,宋运萍衣服超时代。遇见好多剧情，不想看了……,1,1
杨麦田,https://www.douban.com/people/143911558/,2016/3/30,1,2019/1/10,23:57:50,3,任何事都不能作为雷东宝撕毁合同强收鱼塘的理由，没有契约精神。剧中人物这么做我没打低分的理由，可是剧情把他渲染为英雄，宣扬这种没有契约精神的价值观，我不认为是什么好剧。其实整个剧和网文爽剧没啥区别，一路升级打怪，几乎没有障碍，雷东宝被当做投机倒把抓起来，解决方法居然是上级领导没处理，现实真的能如此简单？,1,0
荣慧,https://www.douban.com/people/41824771/,2010/6/9,2,2019/1/10,19:08:39,0,萍萍死的太早了,2,0
star包包,https://www.douban.com/people/73024479/,2013/5/26,1,2018/12/25,16:24:42,9,本来看的还是挺开心的。但是这种一部剧分成两部来播放的。我是绝对不赞成的。高潮来临戛然而止的快感。会让人萎的,1,2
kk,https://www.douban.com/people/164591718/,2017/7/31,3,2018/12/13,12:08:59,3,说实话，开头的整体感觉非常有年代感，冷色调很舒服，很贴近生活，虽然一开始因为某些人我是不想看的，可看到导演我心动了，果然还是今年的一部好剧，值得去看，很值得，能让你了解那个年代发生的事情，姐姐真的好看温柔，但有些地方可能还是不太好,3,2
菊定胜天,https://www.douban.com/people/179703406/,2018/6/9,2,2018/12/15,11:49:49,2,其实我觉得可以让其他演员演18岁，好出戏,2,2
小和尚，敲木鱼,https://www.douban.com/people/147019929/,2016/6/13,2,2018/12/15,15:29:36,3,政治意味浓厚，束缚多。缺少情感的温度，现实的力度,2,2
嗨呆客headache,https://www.douban.com/people/hendrik2076/,2009/11/27,2,2019/1/4,17:21:30,2,和原著一样。。。不行,2,0
咖啡豆,https://www.douban.com/people/163767220/,2017/7/14,1,2019/1/10,4:14:14,0,万岁万岁万万岁,1,1
朴击布拥前,https://www.douban.com/people/173513601/,2018/2/4,2,2019/1/14,20:37:35,0,骗了你……有本书……龙应……童谣是张默以前那个前女友吗？好像这个名字的女星都会……,2,0
凌心澈,https://www.douban.com/people/sabrinachou/,2010/2/9,2,2019/1/6,16:11:05,0,能看得下去，有点意思。但因为处处弥漫着抱主旋律大腿的意识只能两科星。,2,0
青山应如是,https://www.douban.com/people/126188098/,2015/4/25,2,2019/1/10,12:24:32,1,算是看完了，大陆好像也就正午阳光能上的了排面，但是这部剧太装，剧本装，演员演技的也装。,2,2
Higher4lts,https://www.douban.com/people/187455202/,2018/11/17,2,2019/1/24,21:43:39,2,我错了我以后再也不看大于一个导演拍的电视剧了真想跟你们两个导演配个节拍器好好想想咋安排节奏乱七八糟是三条线但不能随自己心意儿搞啊气死我了47集看得我头皮发麻,2,0
优乐,https://www.douban.com/people/175766813/,2018/3/22,1,2018/12/15,10:37:13,1,一代人有一代人的命运，想和宋运辉一样，成为抓住命运改变命运的那种人。,1,2
Atman,https://www.douban.com/people/155022341/,2016/12/14,1,2019/1/5,13:33:31,0,做作系列。没有必要的拖时间的垃圾情节太多，刷ip消费粉丝的剧,1,0
蓝色夏天,https://www.douban.com/people/144291528/,2016/4/7,2,2019/1/12,9:03:24,0,演技浮夸、空洞，仅流于表面...,2,0
洛,https://www.douban.com/people/shiki89/,2011/12/8,2,2018/12/11,13:54:33,3,实践是检验真理的唯一标准。画面太干净了，反倒有点出戏。减一星。,2,0
loalto,https://www.douban.com/people/echo-eve/,2010/11/6,1,2018/12/23,18:26:36,0,宋家让小萍放弃上大学的机会才更可信。小萍主动放弃那里真的气到我！虚伪又无用的电视剧，就是在打女人的脸。,1,0
莫邪丶,https://www.douban.com/people/155332200/,2016/12/21,1,2019/1/4,18:26:29,1,真觉得没有任何能吸引我看下去的地方,1,0
墙头玫瑰,https://www.douban.com/people/158485373/,2017/3/1,1,2019/1/2,8:31:13,1,演员的几位男演员的表演，没有活力，缺乏张力。相比之下，演宋运萍的女演员还是好一点，有章子怡和巩俐的影子,1,0
4YEO,https://www.douban.com/people/180058898/,2018/6/19,1,2019/1/12,20:17:43,0,太难看了，甚至把我恶心到了,1,0
1413,https://www.douban.com/people/186066874/,2018/10/18,1,2018/12/11,10:40:35,2,剧情节奏太快，再看看再说,1,0
周周,https://www.douban.com/people/zhouxiaopo/,2008/2/4,2,2019/1/11,22:09:47,0,杨烁看烦了,2,0
念念回首处,https://www.douban.com/people/seanlau0508/,2009/3/14,1,2019/1/20,23:21:28,0,很普通的国产剧，只是观众更多的是陶醉在自我营造的幻境中。,1,2
面面嗒,https://www.douban.com/people/142905112/,2016/3/7,2,2019/1/10,9:49:57,1,改革春风吹满地，中国人民真争气，之前连看了许多年，风再起时，那座城，全是这个套路，改革开放以后主角们统一开挂做生意，单看还可以，全部这样也太腻了,2,0
一个人吹空调,https://www.douban.com/people/183940252/,2018/9/1,2,2018/12/12,19:32:06,4,本来对正午阳光出品很有兴趣的，但是emmmmmmm看了前两集，可能这种画风不适合我吧哈哈哈哈哈哈哈哈哈哈哈哈有点乡村爱情故事的画风，有点失望，不过等更新完了我再看看有没有变化,2,2
向晚和之晨,https://www.douban.com/people/184924347/,2018/9/23,2,2019/1/12,15:50:15,0,对这种剧不感冒，王凯那个角色太玛丽苏。,2,0
沉,https://www.douban.com/people/54977106/,2011/10/11,2,2019/1/22,20:07:08,0,受不了这种一季一季的搞法了,2,0
爽歪歪/56,https://www.douban.com/people/180116161/,2018/6/20,1,2019/1/10,12:19:15,2,不咋地,1,0
Anan,https://www.douban.com/people/162256828/,2017/6/7,2,2018/12/13,14:24:49,1,就这样吧,2,1
鹿蝉蝉,https://www.douban.com/people/34724471/,2010/2/7,2,2019/1/25,20:53:18,0,emmm…不懂欣赏八…,2,0
烧烤冰激凌,https://www.douban.com/people/119594960/,2015/1/8,2,2019/1/20,23:33:35,0,现时这种近现代史电视剧的最大问题是干净，太干净了。你们回去看看那个年代的照片，哪个人不是土不呛呛，邋里邋遢的。哪里会有现在那种小鲜肉？不要以为穿个蓝布工服配个红背心就是那个年代的小青年了。在我看来，这就是对时代的嘲弄。,2,0
咚呛咚咚呛,https://www.douban.com/people/152120527/,2016/10/6,2,2018/12/31,18:55:07,0,新一代的，不太能真实体会到那个年代的事情，看了过后，真的很难有带入感，正午的作品，一向是欣赏的，这一次，有点失望了。不如去年同样反应那个年代的那一部，就不说是哪一部了，免得惹事。,2,0
欧陆,https://www.douban.com/people/getsoul/,2010/4/22,2,2019/1/6,18:38:34,1,题材很不错，抓住了时代的主要特点，提炼自现实的生活，现成的实例，感觉很像是记录宣传片。静态细节还原很到位，动态细节处理不够精细。节奏失控，忽快忽慢，没有层次，推进僵硬不自然。剪辑不连贯，造成剧情突然跳跃接不上。人物塑造铺垫不够，性格行为转变突兀。,2,0
温柔酱,https://www.douban.com/people/42149787/,2010/6/15,1,2019/1/4,21:06:39,3,最后两集前因为小雷村只想减一星，看完最后两集，得了吧。叫啥大江大河，干脆就是雷东宝传得了，小雷村拍得事无巨细，金州和小杨巡线给剪成啥样。呵呵呵呵呵呵呵呵,1,0
浩然澎湃,https://www.douban.com/people/146256825/,2016/5/25,2,2019/1/28,22:49:40,0,剧情不错，在这个满是怀旧的年代，这种题材只要是演员到位，都会叫好！就是王凯太娘炮了，有时候还故意装Man，但越看越别扭！全局毁在他身上，国内很多男演员都会比他好！,2,2
Lillian,https://www.douban.com/people/141234674/,2016/1/28,1,2019/1/5,18:40:23,0,宋运辉两口子的演技能不能再做作点儿，宋运辉时不时眨眼抬眼镜的人设真无法理解，画蛇添足了不是，总体形势大于剧情。,1,0
霓霓周,https://www.douban.com/people/ninizhou/,2009/6/10,2,2019/1/9,2:40:20,0,宋家兄妹演员选角失败演技差形象不符内涵深度和原著相差甚远,2,0
悟空,https://www.douban.com/people/2091609/,2007/12/14,2,2019/1/19,14:01:38,0,这分都怎么来的，一集都看不下去,2,0
天冷没暖气,https://www.douban.com/people/1219394/,2006/7/24,1,2019/1/11,7:51:36,0,没达到水平,1,0
张飞,https://www.douban.com/people/171255405/,2017/12/19,1,2018/12/12,18:55:25,2,一踏糊涂，好看个毛线,1,2
小五,https://www.douban.com/people/60343856/,2012/4/13,2,2018/12/31,19:18:10,1,剧情太脑残了吧，快进着看都看不进去。看到县砖厂停产那儿就果断弃了,2,0
浪漫假日,https://www.douban.com/people/143430589/,2016/3/19,1,2019/1/5,14:49:37,1,前几集还可以，后面越看越胡扯，既然小雷家都发展成这么好了，都成典型了，为什么小雷家的村貌什么都没改变，几个村干部家也没有变化，矛盾啊，而且都是成功的企业，为什么还什么都要靠贷款？为了说集体企业好？,1,0
exit,https://www.douban.com/people/144526820/,2016/4/13,2,2019/1/28,23:03:01,1,刚看到中间，感觉有点像平凡之路，不过王凯演的太扁平化了，演啥都是一个模子，一旦需要演技的地方就凸显出这些小鲜肉们没有人生阅历了。,2,1
意识流足球,https://www.douban.com/people/75302107/,2013/7/14,1,2019/1/13,15:54:54,0,并没有像平凡的世界那样泛出时代感分数虚高了,1,0
cffriedrich,https://www.douban.com/people/178409380/,2018/5/8,2,2019/1/7,4:26:38,0,无法接受。导演编剧填鸭式复刻原著情节和台词，演员演技无法撑起角色。导演能力和原著水准没问题，编剧和选角是硬伤。孔导电视剧质量自琅琊榜后一路下滑，选角随意，大概开始放飞自我了吧...,2,1
Mikuo,https://www.douban.com/people/revengeandlucky/,2010/12/8,2,2019/1/7,6:44:07,0,孔导演在琅琊榜之后一蹶不振了，剧情前期还可以，挺紧凑的，结果后面拖拖拉拉，有点出戏，虎头蛇尾的感觉，什么时候能重回琅琊榜1的巅峰,2,2
AshBoydSwan,https://www.douban.com/people/labernthal/,2012/12/28,1,2019/1/6,1:14:24,0,你国演员真可怕，又丑，包袱还倍儿重，演得tm稀烂。抹黑了就是农村人？太雷了。看得脚趾头缩得都疼。人物扁平如小学生作文，步步好学生，一点随时代大潮逐流的真实感都无。lol😑打卡董同学。,1,0
八千,https://www.douban.com/people/136749095/,2015/10/28,2,2019/1/7,12:35:27,1,都2019年了，还要搞婆媳矛盾全家闹，最后握手言和两行泪的桥段，我告辞，我接受无能，看到雷东宝他妈眼睛一转，我就想吐。,2,0
麻辣香锅,https://www.douban.com/people/179578965/,2018/6/6,2,2018/12/11,19:00:02,2,孔笙李雪👍️,2,1
幸福的猫,https://www.douban.com/people/164114963/,2017/7/21,2,2018/12/11,6:18:21,4,本想追的剧，越看越没意思，第六集弃了!,2,0
Travis Hoo,https://www.douban.com/people/142552543/,2016/2/27,2,2019/1/5,13:09:57,0,一部个人奋斗史被“主流价值观”影响的拍成什么样了？！剧本也没有《伪装者》这么好了。“思想”在进步，技术却在退步。演员的演技也就这样，不差。,2,0
萤火虫~~~,https://www.douban.com/people/187361486/,2018/11/15,2,2019/1/11,8:50:30,0,也就这样吧，只能说人不喜欢，看两集就不爱看了,2,0
沐雨橙风,https://www.douban.com/people/184387127/,2018/9/11,2,2018/12/13,7:25:01,3,里面的人物都演的很生动，但剧情我不是很喜欢，总的说还行吧,2,2
接近美,https://www.douban.com/people/liujiabin1002/,2011/11/5,2,2019/1/17,8:54:51,1,下饭看,2,2
达达达达浩,https://www.douban.com/people/157265499/,2017/2/3,1,2018/12/11,15:13:38,3,从前两集看，画面很有质感，但色彩过于艳而舒适度不佳。剧情平淡的娓娓道来，却又有起伏的波折。改革开放的主旋律题材，其实兴趣缺缺，但这部剧，看后续自己能否喜欢！【只看了两集，剧情不吸引我】【已弃】,1,0
慌得要死,https://www.douban.com/people/87310621/,2014/4/13,2,2019/1/8,23:14:12,0,估计会伟光正🤣，没意思,2,0
池中无鱼,https://www.douban.com/people/66692366/,2012/11/28,1,2019/1/27,15:29:41,0,该片完美的诠释了广大小老百姓普遍认同的一个道理:上面的政策是好的，只是下面执行的人搞偏了，所以只要听话肯干，就算有受委屈的时候，将来也一定能有好日子过！,1,2
Cipher,https://www.douban.com/people/leonleel/,2012/1/11,1,2019/1/8,12:47:45,0,严重过誉，负分滚粗,1,0
杨自雄,https://www.douban.com/people/158023088/,2017/2/19,1,2019/2/3,21:17:27,0,垃圾,1,0
游,https://www.douban.com/people/71965896/,2013/5/2,1,2019/1/10,22:46:38,1,演员的演技真的一般,1,0
力仔,https://www.douban.com/people/161382783/,2017/5/14,2,2019/2/15,10:32:43,0,看了五六集，没啥好感，事就是那么些事，演得不是那么回事，没有那种历史凝重感和演员代入感。一群现代演员，用现代的方式演过去，偶尔还飙出几句当下流行语，迎合年轻人口味，对不起，演啥但不像啥。除了基本的史料正确，没有更多细节和刻画。影视反映文革和改革开放的题材也不少，这段历史很深刻，不要演得那么轻飘飘。杨烁演的雷东宝，憨傻有余，韧劲不足，农村青壮年带头大哥的形象没出来。王凯演的宋运辉也是憨傻有余，灵性不足，青年知识分子那种气质没出来。总之，看得很不得劲。想起另一部剧叫《鸡毛飞上天》，也是同样问题，人物形象拧巴得不像，导演对演员的设计偏了。对本片心里价位是6分，及格分，但看到清一色高分，算了，我来两颗星拉低下吧！,2,0
朴舍,https://www.douban.com/people/28238568/,2009/12/8,2,2019/1/14,14:19:39,0,土的掉渣。,2,0
张曼玉,https://www.douban.com/people/184958006/,2018/9/24,2,2019/1/5,7:46:14,2,这么高分是认真的吗？连我爸都看不下去。,2,0
清水幻象,https://www.douban.com/people/bluelsd/,2007/10/7,2,2019/1/18,10:34:40,0,现代爽文，欣赏水平每况愈下。,2,2
大框框框框,https://www.douban.com/people/164330108/,2017/7/26,1,2019/1/6,15:43:38,0,质量不稳定，时而特别紧凑，时而拖拖拉拉,1,0
广广屿,https://www.douban.com/people/183644684/,2018/8/26,1,2019/2/2,18:18:37,0,分数给的过高了，所以拉个分。,1,0
王峰,https://www.douban.com/people/151688432/,2016/9/27,1,2019/1/22,20:33:50,0,垃圾婆媳剧，csb,1,0
抛书人,https://www.douban.com/people/135670326/,2015/10/7,2,2019/1/12,10:32:23,1,蒙友邻推荐，出看确实眼前一亮，愈看愈不舒服，深圳是恼人的坏，无奈三十集从弃。改开献丑剧，很坏的价值观导向，是可忍孰不可忍。客观来说，王凯的角色还不错；对常凯申和寻建翔的性格仍能喜爱；关于技术工作者视界弊端的讨论，我也有从中受益。,2,0
映朔,https://www.douban.com/people/im2bu/,2009/12/6,2,2019/1/5,2:39:56,0,烂尾,2,1
墨梁,https://www.douban.com/people/187006257/,2018/11/7,2,2019/2/11,1:27:52,0,名不副实,2,0
apache,https://www.douban.com/people/1840162/,2007/9/13,2,2019/2/10,0:49:08,0,逻辑一片混乱嘛,2,0
夜車乘客,https://www.douban.com/people/170640183/,2017/12/6,2,2019/1/5,10:55:25,0,明明知道过去有这么多的错误还是执迷不悟我们的未来能更好吗？,2,0
大叔唐其琛,https://www.douban.com/people/167610510/,2017/10/4,2,2019/1/7,8:04:09,0,好看吗。。。不好看吧，啥东西,2,0
焦糖巧克力,https://www.douban.com/people/128993179/,2015/6/5,2,2019/2/6,23:53:52,0,两星半。故事可以，剧情太跳,2,0
预流,https://www.douban.com/people/4328353/,2009/6/4,2,2019/1/7,7:41:55,0,真没觉着多好看，比孔笙之前导演大部分剧差很多,2,0
人间失格,https://www.douban.com/people/138729027/,2015/12/8,1,2019/1/22,20:30:26,1,不好看，反映改革开放还是要拍北上广这样的都市题材年代剧，农村题材反应时代变化不如城市题材有说服力，且有白鹿原，红高粱，老农民，闯关东这些农民题材大剧做标杆，很容易变得不伦不类！,1,0
梨的哥们,https://www.douban.com/people/138567193/,2015/12/4,1,2019/1/4,22:33:03,0,演员演技不行，不流畅，已弃剧,1,0
慢,https://www.douban.com/people/25294109/,2009/11/15,2,2019/1/5,12:53:39,0,不喜欢看,2,0
观前街岳绮罗,https://www.douban.com/people/71950945/,2013/5/1,2,2019/1/10,0:35:51,0,萍萍死后就看不下去了，制作还不错。但又觉得不值得这么高分。心里评分6,2,0
当幸福来敲门,https://www.douban.com/people/141768002/,2016/2/11,2,2018/12/14,15:06:20,1,前面还行，越看后面越没意思,2,0
partisan,https://www.douban.com/people/148517107/,2016/7/19,2,2019/1/7,14:48:18,1,评分虚高，。剧情狗血、演技油腻。,2,0
田惠宁,https://www.douban.com/people/152310525/,2016/10/10,1,2019/1/11,15:01:21,0,这个村建的实在太跳戏了，社会主义新农村。一点垃圾没有，柜子干净，马路干净，人物头发裤子都干净。,1,0
畋希,https://www.douban.com/people/167681454/,2017/10/5,2,2019/1/20,18:39:41,0,说实话，这部片子分那么高，又有我心爱的王凯压阵，但我不知道为什么看不下去，坚持坚持看一些，还是受不了，请问打高分的盆友们都是什么年代的？感觉自己和这个片子完全是两个世界，其他年代剧还能看完，这个实在不行，也许我爸妈爱看。,2,0
哟哟,https://www.douban.com/people/125984456/,2015/4/22,2,2019/1/24,23:25:54,0,还行吧收视率很高,2,2
这孩子伤过心,https://www.douban.com/people/67272632/,2012/12/16,2,2019/1/9,13:16:44,0,先两星看看看到短评第一里所谓节奏快的人。真是让我要笑哭了。不说外国电视剧。中国的河神等也没看过吗,2,0
林知,https://www.douban.com/people/urmyeyes/,2007/11/11,2,2019/1/31,20:53:09,0,姐姐名叫運萍，真的命運如浮萍。最難忘的一幕是姐姐最初一筆一劃地寫了申請書將上大學的名額讓給了弟弟，還有最後一集雷東寶在姐姐墳前說如果你回家能等著我，我什麼都不要了。宋運輝那條情节很不好看，姐姐死了以後也基本上就跳著看完了，無法接受姐姐的死。,2,0
笑央,https://www.douban.com/people/84383362/,2014/3/4,2,2019/1/12,15:05:35,0,价值观真正啊，小雷家的村民都那么淳朴，简直是奇迹！,2,0
泛,https://www.douban.com/people/80263205/,2013/11/21,2,2019/1/7,8:05:35,0,我不知道有没有刷好评的水分。但是我真的觉得整个剧的槽点太多……首先，跟小学生的师生恋真的看着不恶心吗？？其次，为什么剧情就一定要设定有文化的大学生哪怕性格偏执都能发展的顺风顺水，而没文化的退役军人，作为一个敢作敢当有勇有谋的农民，最后的结果一定是霸道专权，被权利腐化了呢？我觉得老干妈发展的不一定比其他企业家差啊。剧情这么向下虐，还是骨子里对农民能干大事带有偏见。还是为了宣传一部分人被另一部分人领导……唉，没什么可说的了……剧情拍的挺惯性的。,2,0
巨蟒不懂科学,https://www.douban.com/people/141283958/,2016/1/29,3,2019/1/5,1:15:14,0,好看,3,2
孤淋街杀人事件,https://www.douban.com/people/158855051/,2017/3/10,2,2019/1/11,2:49:14,0,七集弃。,2,2
观音奴,https://www.douban.com/people/155732990/,2016/12/30,2,2018/12/30,22:46:20,1,正午的剧看过不少了，尤其是父母爱情、琅琊榜、生死线，像大江大河这么沉闷、中规中矩的戏算是很差了。三男主演杨烁还不错，王凯担纲男主戏还是火候不够，暮气沉沉，缺乏那个时代正能量年轻人的坚毅和灵动。董子健的戏算是一个小小的亮点，毕竟对他没有过多的期待，表现已经出乎意料了。给2星是给杨烁、董子健和孔导的。如果后期有新的亮点，再来改分。,2,0
wcsheng,https://www.douban.com/people/103110870/,2014/10/11,2,2019/1/14,1:55:08,0,被带节奏了，跳着看了一半，没那么好,2,1
米豆,https://www.douban.com/people/172945389/,2018/1/22,1,2018/12/13,12:12:42,1,不好看，也就我爸刚开始有点兴趣，因为是正午阳光的良心剧，可是看了几集，演员实在是让人受不了，各种违和，王凯真的不适合演主角，太娘了，气质不行,1,0
幽深邃,https://www.douban.com/people/67872119/,2013/1/6,1,2018/12/17,22:22:54,10,这剧扯淡的地方太多，前几集就不说了，被豆瓣删了。最近的剧情也多有败笔。出现矿难，家属就会砸商店？另外，老书记的腐败也是败笔。老书记这个人物前期人设是耿直。雷东宝甚至认为他太有原则太轴，以至于他不适合做生意。这样的人会腐败？而且全村唯一一个腐败干部？当然，他可以腐败，但剧情好歹应该交代原因，比如家里急需用钱。什么都没交代，一个耿直的顽固不化的老干部腐败了，这个剧情转折铺垫不足，造成剧情上的不合理。至于全村因老书记自杀宁可不要饭碗也要跟雷东宝对抗，就更扯了,1,0
喵喵喵的好日子,https://www.douban.com/people/170787855/,2017/12/9,2,2019/1/9,7:17:46,0,正剧，男主人设过于完美了,2,0
白白不黑,https://www.douban.com/people/177289519/,2018/4/13,1,2019/1/16,12:45:27,0,看了之后弃剧了，我觉得男主姐姐就是个傻子，自以为是的爱情，恶心死了，和现实很像，但是让我恶心，人还是最好自私，自私的人才会幸福！！！烂剧，看到了重男轻女，恶心-_-||女孩子的贡献提都不提，这剧别名一群男人渣的狂欢。,1,0
飞翔,https://www.douban.com/people/181553647/,2018/7/22,1,2019/1/7,11:22:20,0,姐姐下线，想骂人,1,1
已注销,https://www.douban.com/people/91914700/,2014/6/30,2,2019/1/6,12:46:42,1,冲着正午王凯去看的，题材实在看不进去，没看完弃了,2,0
PorcoChan,https://www.douban.com/people/Cenux/,2006/7/26,2,2019/1/27,0:09:04,0,都疯了吧,2,0
❕   小東北。,https://www.douban.com/people/162582168/,2017/6/15,1,2019/1/20,2:26:48,0,看的人来气，凭啥不让人上大学，看了一集就弃了。听说后来高晞月还死了，多亏没看。,1,0
Ohaiyo Paimon,https://www.douban.com/people/52770411/,2011/7/2,2,2019/1/14,11:15:03,0,我怎么就觉得王凯假呢,2,0
水中游鱼,https://www.douban.com/people/172750944/,2018/1/18,1,2018/12/15,16:09:22,0,与事实不符，剧情表演都太刻意了,1,0
这是谁的shil,https://www.douban.com/people/152927295/,2016/10/24,2,2019/1/9,13:08:39,0,不喜欢,2,0
王哆啦,https://www.douban.com/people/WANDORA/,2009/12/6,2,2018/12/20,22:29:39,0,完全不行，不及格的电视剧。,2,0
境默,https://www.douban.com/people/188698091/,2018/12/15,1,2019/2/3,20:45:47,0,不喜欢,1,0
第五,https://www.douban.com/people/143942715/,2016/3/31,2,2018/12/14,19:11:05,0,假模假式的,2,2
哦啦,https://www.douban.com/people/65021622/,2012/9/29,1,2019/2/13,23:43:32,1,讨厌这种剧，那么多人都因为各种各样的政策，乘着改革的东风改变了人生，飞黄腾达，可是，更多的是普普通通的人，依旧在种地。,1,2
枯枝芽,https://www.douban.com/people/134482952/,2015/9/13,2,2019/1/19,19:13:30,0,王凯小包总在心中的固定形象挥之不去，童谣王凯姐弟演的尬的不行。看不下去。,2,0
|,https://www.douban.com/people/canoeyue/,2011/8/2,2,2019/1/28,13:43:37,0,看不下去…,2,0
Grit D,https://www.douban.com/people/166475787/,2017/9/7,3,2018/12/13,15:31:30,0,全员演技在线,3,2
Hysteriafoi,https://www.douban.com/people/87651171/,2014/4/19,3,2018/12/20,0:13:36,0,快结束了，其实剧还行,3,2
vel,https://www.douban.com/people/velourzbhu/,2008/6/22,2,2019/2/1,18:12:58,2,苦难的根源多数时候是公共议题，非要把「只要努力就能过上好日子」这种奥派乐观放在本地群众身上，实在是一种冷酷。,2,0
竹VIP軒,https://www.douban.com/people/171954177/,2018/1/2,1,2019/2/5,21:29:18,0,就看了一集看不进去,1,0
易北辰,https://www.douban.com/people/148141164/,2016/7/10,1,2019/1/6,2:11:35,0,无聊透顶，拍的什么玩意,1,1
百式改,https://www.douban.com/people/Sweetchin_music/,2012/7/12,1,2019/1/23,9:29:36,0,凭什么虞山卿是上海人。,1,0
FFF,https://www.douban.com/people/1631575/,2007/6/22,1,2019/2/9,19:09:06,0,剧情过于拖沓，不喜欢雷东宝,1,0
dodoka,https://www.douban.com/people/180100512/,2018/6/20,2,2019/1/6,19:53:09,0,看过小说很喜欢，但是剧情有点儿小失望。没有小说那么吸引人，可能最近看的太多这类的，有点儿落俗套了。正午阳光最近的片子总觉得不如闯关东，父母爱情那么吸引人了……为什么呢？,2,0
芊芊龙,https://www.douban.com/people/57095695/,2011/12/18,1,2018/12/21,13:13:29,0,没啥意思，不喜欢！,1,0
USSTFreddie,https://www.douban.com/people/155339363/,2016/12/21,2,2018/12/12,1:08:56,0,一星给正午，演员真心不敢恭维，还不如小鲜肉。节奏太拖沓。希望后面剧情能好点。,2,0
火山上吃烧烤,https://www.douban.com/people/162530860/,2017/6/14,2,2018/12/10,20:34:46,3,坚持不了了弃了这剧实在不对口味前几集还能看后面主线太绕了,2,0
未曾离开,https://www.douban.com/people/2975186/,2008/9/28,2,2019/1/18,14:18:44,1,两倍速看了六集，节奏太慢，故事平铺直叙，评分这么高，好评这么多，肿么回事？,2,0
中年直男,https://www.douban.com/people/gangsterno1/,2009/2/23,2,2019/1/29,5:04:17,0,就是照着模板作ppt一样看了几集真的是哪里好看演的不说差但是表演痕迹太重台词也很一般,2,0
暗影の皇,https://www.douban.com/people/47751684/,2010/11/29,1,2018/12/24,6:38:50,0,做作,1,1
暗表,https://www.douban.com/people/184511927/,2018/9/14,1,2019/2/13,17:05:32,0,一星了,1,0
老曹,https://www.douban.com/people/177436924/,2018/4/16,1,2018/12/24,8:25:56,0,高考是1977年恢复的，根本不是1978年。恢复高考的首届大学生是1977年秋季招生考试，1978年初入学，称为77级。1978年高考，当年入学的，是恢复高考后的第二届大学生，称为78级。电视剧中什么1978年这文件那政策的，纯属瞎编，是扯淡！1978年是沿袭1977年的做法，没有新东西！电视剧许多细节更是想当然，与实际生活不相干！什么程开颜没读多少书，什么没有共同语言，就是扯淡！程开颜的父亲是厂长，宋运辉助工都不是的时候，宋运辉就跟程开颜有共同语言了？干嘛追着程开颜要结婚？狗屁逻辑！攀高枝而已！自己登上高枝后，程开颜就全是缺陷了？其实宋运辉一开始就是个脚踩两只船把程开颜当梯子的小人！要说作品真实，就是小人横行的背景真实！雷东宝不会的事，请教宋运辉，宋运辉是无所不能，糊弄鬼呢！,1,0
怂,https://www.douban.com/people/169897878/,2017/11/20,1,2019/1/5,13:02:59,0,不喜欢,1,0
小铎儿豆瓣,https://www.douban.com/people/elmo26/,2008/8/14,1,2019/1/9,9:33:01,0,节奏太快，需要交代的事情太多，格式化的剧情看了痛苦不堪,1,0
鱼从水底见青山,https://www.douban.com/people/139493563/,2015/12/25,1,2019/1/4,12:00:17,0,哪来的那么多新衣服，还有化妆品，能不能稍微用点心，充满了违和感，分分钟出戏。还有王凯，真的就是欲求不满，愤愤不平的那种,1,2
vicluu,https://www.douban.com/people/153098668/,2016/10/28,2,2018/12/18,19:31:50,0,可能预期有点高，再看看吧。,2,0
Iseol,https://www.douban.com/people/44207067/,2010/8/1,1,2018/12/17,8:25:00,1,太烂了吧,1,0
密室,https://www.douban.com/people/119453245/,2015/1/6,2,2018/12/10,23:30:05,1,看到第六集，农村戏都是拉进度条看的。对农村戏没兴趣，剧情也啰嗦。不过确定会看下去，第六集出现的小姑娘太可爱了，性格鲜明，估计只会看宋运辉的线，期待他们的互动，太有意思了。——————节奏太慢，讲的太详细，很多东西可以留白，拖进度条看了两集。大学宿舍讲三中全会的那段感觉很假，就像是历史课本的具体化。那时的大学生这么尴尬吗？打开国门，看到中国与发达国家的巨大差距，大学生不该是愤怒吗？太主旋律了，很假。主要演员演技好评。姐姐拿材料给李书记时忐忑不安，村干部盛气凌人，很真实的官民互动。一个人的命运不能掌握在自己手中，被一个毫不相干的干部操控。看到姐姐和父亲卑躬屈膝的样子真的很心酸。会继续看，主要是想了解那个年代。希望剧的重点不是国家政策，能真正拍出那时的社会情绪，时代精神。,2,0
文之无畏,https://www.douban.com/people/77768533/,2013/9/11,2,2019/1/6,14:29:16,0,鄉愿，德之賊也。一拍獻禮片又回到《闖關東》那種精神內核極度落後的狀態，虛偽反智。,2,2
你们的爸爸,https://www.douban.com/people/142896669/,2016/3/6,1,2018/12/31,0:44:50,0,这片子顶多7.5吹捧的太高就容易被别人质疑，打个低分中和，豆瓣越来越不行,1,0
Sherry☀Z,https://www.douban.com/people/152231499/,2016/10/8,1,2018/12/26,11:37:59,0,男主演技尴尬全程为了女主那对看的女主死了也不想看下去了,1,0
佐佑,https://www.douban.com/people/151191722/,2016/9/15,2,2018/12/16,13:20:23,0,演员演技还可以，但是有些地方让人出戏的很，一是穿的衣服太新太干净了，那个年代的农村，走在土路上那么新的衣服连点灰尘都没，水洗旧都没有，太假。另外就是大学宿舍唱五星红旗迎风飘扬的时候，我尴尬的不行了，太突兀了，到底是谁把你们父母搞成反革命份子的，是外国势力吗？,2,0
走神儿,https://www.douban.com/people/JosephineY/,2006/11/13,1,2019/2/2,12:28:34,0,弃,1,1
花木鲜肉,https://www.douban.com/people/155385124/,2016/12/22,1,2018/12/13,22:33:24,0,不好看就这么简单。也不准备看了,1,0
小叶,https://www.douban.com/people/172523798/,2018/1/13,1,2018/12/13,15:37:39,0,装逼耍酷也是一种演技嘛😄王凯的戏真叫人看着尴尬😓,1,0
西洲小侯,https://www.douban.com/people/159960869/,2017/4/6,1,2018/12/16,11:17:24,0,本来是两分的标准，给一分是被恶心到了，假大空，只歌颂不批判，这也就算了，竟然刷到8.9？哪来的自信？,1,0
bashuby,https://www.douban.com/people/131526010/,2015/7/17,1,2019/1/6,22:42:14,0,我好喜欢萍萍怎么办？😄12.16–萍萍走了……世界失去了颜色12.24-宋运辉真的恶心到我了,1,0
鹅城书记,https://www.douban.com/people/111293239/,2014/11/25,2,2018/12/13,19:24:17,0,后面挺sb,2,2
男人就是累,https://www.douban.com/people/155357417/,2016/12/22,1,2018/12/22,2:04:15,0,烂片，超级难看，王凯越来越假正经了。,1,0
哪根神经搭错了,https://www.douban.com/people/O3104/,2012/2/3,2,2019/1/21,21:18:58,0,雷东宝的恶婆婆真的恶心，弃了,2,0
songsongsong,https://www.douban.com/people/songqhdu/,2017/10/19,2,2018/12/23,21:38:38,0,前22集还好，后面全线崩！小雷家又臭又长又乱！杨巡戏份太少了！一星给宋运萍，一星给杨巡。,2,0
斜阳嘉树,https://www.douban.com/people/140326750/,2016/1/9,2,2018/12/15,23:28:00,0,真的很生硬,2,0
逆天,https://www.douban.com/people/63386368/,2012/7/25,2,2018/12/30,5:18:17,0,看了，一般吧。,2,0
被迫变大号,https://www.douban.com/people/154444840/,2016/11/29,2,2018/12/20,9:09:59,0,小雷家戏份太磨叽，雷东宝毫无成长线，杨巡还没出厂，金州戏还行，再看看以后会什么样。乡村爱情罢了,2,0
帕拉汶商人,https://www.douban.com/people/154510557/,2016/12/1,1,2018/12/17,23:46:36,0,试试能不能差评……,1,0
五彩斑斓的黑,https://www.douban.com/people/176227347/,2018/3/31,1,2019/1/6,21:31:10,1,豆瓣也沦陷了？平心而论这拍的是什么东西简直是对原著的侮辱,1,0
oliveryang,https://www.douban.com/people/135040554/,2015/9/25,2,2018/12/20,14:29:28,0,不好意思，这个节奏真的看不下去,2,0
烟花烬,https://www.douban.com/people/7923696/,2009/8/24,2,2019/1/10,12:58:17,0,金手指好烦,2,2
我爱沈叔叔,https://www.douban.com/people/188623208/,2018/12/13,1,2019/1/22,14:36:46,1,严重感觉自己被上面那些一溜的五星好评欺骗了。,1,0
88飞升宇宙,https://www.douban.com/people/186953700/,2018/11/6,1,2018/12/25,9:47:02,0,这剧情真的不是一般的烂演技宛如面瘫,1,0
漫不经心的果果,https://www.douban.com/people/166340674/,2017/9/3,1,2018/12/19,14:47:30,0,什么鬼，评分居然这么高，被评分骗了，难看！！！我一直以为是前几集不好看而已，看十七集，实在看不下去。,1,0
ZRJ做一个专心致,https://www.douban.com/people/185566780/,2018/10/7,3,2019/1/30,9:11:10,0,还是电视剧的老做法，调度不多，视听语言单一。若画面调度丰富的话这年代戏就更好了。而且剧情的水词居多。对于那个时代空间而言，可是每个人物更多的语言偏北方，可是画面的所呈现的明显地域是南方。个人所想，若将更多的对话和信息用行为动作，镜头语言来代替会不错。,3,2
来俊青,https://www.douban.com/people/188359163/,2018/12/7,1,2018/12/13,14:01:25,2,杨烁又油腻又丑，一星给凯凯,1,0
天阑,https://www.douban.com/people/172788267/,2018/1/19,2,2019/1/22,23:28:44,0,拍的少了点什么宋运辉这个人物失去了应有的光彩,2,0
上善若水,https://www.douban.com/people/146123746/,2016/5/22,1,2019/1/24,22:33:59,0,看到一水王凯粉丝夸演技好，在这部剧中真没觉着演技好，杨烁和董子健的演技很有代入感！,1,2
无心快语,https://www.douban.com/people/fionaaa/,2008/5/22,2,2019/2/10,21:54:59,0,反映历史进程的戏，却是现代感十足，时不时蹦出一两句时下流行的话术，姐弟俩在一起，却没有姐弟感觉。更像CP。,2,2
52号观众,https://www.douban.com/people/169419211/,2017/11/9,1,2018/12/15,18:21:09,0,王凯一个人毁了一部戏真是败笔,1,0
不颠,https://www.douban.com/people/34739019/,2010/2/8,2,2018/12/31,23:03:41,0,太过刻意的巧合和悲剧多了就没意思了。,2,0
小包子,https://www.douban.com/people/189227871/,2018/12/27,2,2019/1/21,14:34:06,0,还可以，但是为什么要把姐姐写死，怨念,2,1
阳宝,https://www.douban.com/people/47828014/,2010/12/3,1,2018/12/20,2:04:51,0,微博公众号打分评论到处都是营销，去你🐴的,1,0
嘻嘻吓吓,https://www.douban.com/people/177653943/,2018/4/21,2,2019/1/5,23:11:33,0,没觉得有说的那么好，一星给童谣，有点意外之喜，一星给杨烁，演的渣！,2,0
冽风,https://www.douban.com/people/183914453/,2018/8/31,1,2019/2/12,13:04:09,0,一般般,1,0
UFO,https://www.douban.com/people/4438275/,2009/6/19,2,2019/2/3,16:39:10,0,一比就能看出平凡的世界功力多高,2,2
Claire,https://www.douban.com/people/164351511/,2017/7/27,2,2019/1/6,13:30:43,0,這劇8.9認真的嗎？節奏如此拖拉，主線之間毫無關聯，劇情沒有任何高潮。還一，二部⋯而且這三個主角，沒一個真的符合人物設定。狗腿愛國片，提不起興趣,2,0
镜花水月,https://www.douban.com/people/182502553/,2018/8/8,2,2018/12/15,17:07:50,0,吹的有点过,2,0
三季稻,https://www.douban.com/people/77689874/,2013/9/10,1,2019/1/16,22:56:02,0,装逼,1,0
~爱笑~,https://www.douban.com/people/6759927/,2009/8/19,1,2018/12/28,22:11:39,0,自从宋运萍死了就不想看了😂😂😂改分了，已经弃剧，这尼玛就是好人没好报呗！编剧是不是反社会？,1,0
佳人在水一方,https://www.douban.com/people/175285465/,2018/3/12,2,2019/1/20,19:17:54,0,考试前总希望自己一鸣惊人，考完后巴不得自己被淹没人海,2,0
新浪微博大傻逼,https://www.douban.com/people/56983668/,2011/12/14,2,2019/2/2,11:59:37,1,这不是欢乐颂吗？这些人是在演那个时代的农民和知识分子吗？想看农民怎么演去看平凡的世界阿,2,0
师兄,https://www.douban.com/people/149010210/,2016/7/31,1,2019/1/2,22:55:05,0,烂电视剧！比老母猪还慢！,1,0
豆瓣清风,https://www.douban.com/people/175284677/,2018/3/12,2,2019/1/20,13:22:24,0,等了一年终于等到一部好剧。宋运辉哽咽着问“真的，真的能上大学了吗”时的表情，一下就感染到我了。看到现在，不是假大空的喊口号，而是贴近你我父辈生活的小人物，与时代变革交相辉映的奋斗故事。非常值得追！,2,2
我是新来的,https://www.douban.com/people/160456059/,2017/4/18,2,2019/1/9,23:08:07,0,其他演员还好，尤其杨烁演的很入戏，王凯看着太尴尬，让人看不下去，因为他差点弃剧,2,1
PPPigs,https://www.douban.com/people/83874579/,2014/2/21,2,2018/12/30,11:35:16,0,看过小说，整体上演员们表现力还是不错的，虽说做了些改动；刚开始看雷东宝，觉得很油腻，后面觉得还行；杨线前期也没怎么交代，不平衡；宋这个角色很上进励志，感情线上剧方美化了程，而梁这条线又什么都不交代，仅全凭口述？？结局了，就只有一句电话台词，我也是服了,2,0
AKA-TANGYUAN,https://www.douban.com/people/wangsizhong/,2013/11/23,2,2019/1/6,12:32:22,0,部分细节到位，想起父母那个时代的不容易,2,2
ooooooo非比晴空,https://www.douban.com/people/142976578/,2016/3/8,2,2018/12/28,19:07:08,0,评分有点虚呀看到30集雷东宝道德绑架鱼塘承包人哈哈,2,2
墙角蹲,https://www.douban.com/people/82202069/,2014/1/11,1,2018/12/21,11:45:43,0,为什么要把女主写死……在改革开放中女性没有任何地位可言咯？,1,0
童话还不够美好,https://www.douban.com/people/189125631/,2018/12/24,2,2018/12/24,20:17:45,1,也就你们粉丝吹的厉害。我觉得中规中矩吧。不吹不黑🤔,2,0
穿越,https://www.douban.com/people/188952584/,2018/12/21,1,2018/12/21,9:12:28,1,垃圾演员.垃圾剧情反驳的都是我孙子,1,0
��,https://www.douban.com/people/186494984/,2018/10/27,1,2018/12/22,11:53:45,0,前几集还好看，后面白瞎了,1,2
轻泽,https://www.douban.com/people/186214032/,2018/10/21,2,2018/12/16,11:41:05,0,太浮太浅了,2,0
青石,https://www.douban.com/people/159780171/,2017/4/1,1,2018/12/12,11:02:36,0,本来对这种题型的电视剧没兴趣，主要冲着孔笙去的，但对王凯的表演有些失望，他不适合演这类片子，他的巅峰之作还是琅琊榜了，弃剧！,1,0
今天你吃药了吗,https://www.douban.com/people/187196754/,2018/11/12,1,2018/12/20,19:28:04,0,杨烁有点油腻演技还行，王凯演技一般还是老样子有点木,1,0
Dali,https://www.douban.com/people/187568660/,2018/11/19,2,2019/1/27,1:13:32,0,嗯一般跟党有关的评分都颇高,2,0
蕊植刺头,https://www.douban.com/people/187916325/,2018/11/27,1,2019/1/5,23:36:03,0,讲真，说不出有那一点好的地方，或许是年龄的差距，95后表示完全看不懂，剧情拖沓，完全没有没有一个高分电影该有的水准，剧情也是中规中矩，男主王凯也是人设清奇，前面又是内向又是没法解决问题傻等的农家小子，莫名奇妙就成神成佛，我佛了，666,1,0
dd,https://www.douban.com/people/184409193/,2018/9/11,2,2018/12/27,21:58:41,0,一般般,2,0
꧁༺夕༒颜༻꧂,https://www.douban.com/people/187682121/,2018/11/22,1,2019/1/1,1:08:21,0,是炒作的吗？并不觉得什么地方精彩！,1,0
C大调,https://www.douban.com/people/177849681/,2018/4/25,2,2019/1/6,21:56:40,1,男主都开挂开成这样了，还好意思说是反应现实生活？,2,0
胡蝶,https://www.douban.com/people/169399633/,2017/11/9,2,2018/12/17,16:52:51,0,看了几集没有传说中好看有点小失望,2,0
等你来到我的身,https://www.douban.com/people/186704614/,2018/11/1,1,2018/12/13,22:13:35,0,～～,1,2
背面有点冷,https://www.douban.com/people/186083642/,2018/10/18,1,2018/12/14,12:02:00,0,男主太老了，一看就出戏.没有年轻人了吗,1,0
JRL,https://www.douban.com/people/178222361/,2018/5/4,2,2019/1/12,19:56:11,0,为什么能拿九分？？,2,0
Summer.回忆,https://www.douban.com/people/183519196/,2018/8/24,1,2018/12/30,15:11:04,0,呃呃,1,0
雨如烟,https://www.douban.com/people/162331649/,2017/6/9,2,2018/12/27,14:50:09,0,妈妈很喜欢，我觉得没意思。,2,2
关关雎鸠,https://www.douban.com/people/184202737/,2018/9/7,2,2018/12/19,14:06:17,0,一般,2,0
香瓜子小板凳,https://www.douban.com/people/189652446/,2019/1/5,1,2019/1/5,16:05:45,0,看起来拍的不错，其实并不真实，为了迎合主旋律保持zz正确，扬长避短的再现历史美化那个年代，男主角一路开挂，求仁得仁，除了死了个姐姐（老婆）完全看不到多少艰辛和险恶的剧情，比杰克苏神剧还通关顺利。,1,2
岁月,https://www.douban.com/people/188215950/,2018/12/4,2,2018/12/27,14:25:13,0,剧中梁姓小学生出现在那个时代就是一个幼稚的笑话,2,0
居然被占用,https://www.douban.com/people/187944371/,2018/11/28,2,2018/12/24,6:29:29,0,僵硬的一如既往僵硬，油腻的一如既往油腻。,2,2
用户6506209595,https://www.douban.com/people/187713809/,2018/11/23,1,2018/12/15,1:25:26,0,开始抱着很大的期望追大江大河，因为是正午阳光拍出来剧心想一定好看，没想到男主演技扮相都让人失望！,1,0
讷言,https://www.douban.com/people/188765751/,2018/12/16,2,2018/12/31,1:21:33,0,同题材更看好《平凡的世界》。演员是否符合那个时代，走过的同龄人，呵呵呵呵！不想再看下去了，有点一言难尽。,2,2
零度来成眼镜,https://www.douban.com/people/170802478/,2017/12/9,1,2019/1/21,21:16:42,0,不解释,1,0
草帽小子,https://www.douban.com/people/190357494/,2019/1/21,2,2019/2/5,10:23:37,1,前面太早女一号死了太承重就弃剧了,2,0
干净,https://www.douban.com/people/190337414/,2019/1/20,2,2019/2/5,16:17:02,0,吹得有点过,2,0
可微,https://www.douban.com/people/189206319/,2018/12/26,2,2019/1/7,15:10:19,0,就那样吧这分虚高……啥剧就给这么高的分,2,0
郭十肆,https://www.douban.com/people/180440428/,2018/6/28,1,2019/1/25,16:21:35,0,难看,1,0
妖亨,https://www.douban.com/people/57618891/,2012/1/8,1,2018/12/28,22:25:25,0,演技很差,1,0
一氧化钙,https://www.douban.com/people/189486735/,2019/1/1,1,2019/1/1,21:21:00,0,强行把宋运萍弄死？太生硬了吧？我就想问问，你这是拍死神来了么？,1,0
西海岸,https://www.douban.com/people/51053113/,2011/4/22,1,2018/12/13,5:42:16,0,一群没灵魂的演技在背话剧台词。,1,0
爱浮潜的海龟,https://www.douban.com/people/137974399/,2015/11/21,2,2018/12/28,22:06:44,0,评分虚高姐姐死后情节就变白开水了没有感动人的情节,2,2
意意王,https://www.douban.com/people/189475102/,2019/1/1,1,2019/1/1,17:05:31,0,所有剧都一个表情的扑克脸，看得直跳戏！,1,0
diana_w,https://www.douban.com/people/152085761/,2016/10/5,2,2018/12/22,21:00:32,0,看了半集就看不下去了，kkw演技太生硬，让人想到班级里那种毫无生气的讨人厌的班长。,2,0
豆友188559296,https://www.douban.com/people/188559296/,2018/12/11,1,2018/12/16,13:19:02,0,不真实,1,1
llllll,https://www.douban.com/people/158667088/,2017/3/5,1,2018/12/14,17:00:20,0,等好久看了几集索然无味也就那样宣传过头也就那样不过如此,1,0
远行未归_,https://www.douban.com/people/179639869/,2018/6/8,2,2018/12/12,16:27:45,0,感觉吹过了，整体节奏一般,2,0
就是酱,https://www.douban.com/people/150568108/,2016/8/31,1,2018/12/18,14:33:18,0,就目前表现来看，基本突破了我的底线，捧一个踩一个到了令人发指的地步，还标榜良心，呵，这次是专程来发泄愤怒，历史是严肃的，即使是，或者是正因为是文学作品，所以更不应该以的展示，改开很好，但无论如何你都不能用侮辱之前的那个时代去衬托它的好，如果只会这种小学生作文式的表现手法，愿你长寿,1,0
大冬天没暖气,https://www.douban.com/people/188624773/,2018/12/13,2,2018/12/15,18:15:26,0,没有想象中的好看可能期待值太高了在看后面剧情吧,2,2
大冬天没暖气,https://www.douban.com/people/188624773/,2018/12/13,2,2018/12/15,18:15:26,0,没有想象中的好看可能期待值太高了在看后面剧情吧,2,2
遗我双鲤鱼,https://www.douban.com/people/181706613/,2018/7/25,1,2019/1/5,20:06:09,0,不喜欢王凯,1,0
开心一刻dlj,https://www.douban.com/people/143743448/,2016/3/26,2,2019/1/6,13:51:06,0,太磨叽了。不过好几个女演员挺漂亮的。,2,2
礼衡,https://www.douban.com/people/157529582/,2017/2/8,1,2018/12/26,21:31:39,0,这编剧特么有病吧？！把唯一的女主角宋运萍写死了！对剧情有什么帮助？脑残吧！宋运萍的死对剧情的发展有什么意义？是不是觉得一部剧不死个人说不过去？有其他理由吗？理由呢？怎么有种死着玩的感觉呢？真是令人哭笑不得，导演，你是真够可以的！是不是故意找骂？炒作？,1,0
豆友189266369,https://www.douban.com/people/189266369/,2018/12/28,2,2018/12/29,23:00:47,0,看了几集没有啥激情看下去，可能是因为我不喜欢那个年代人物经历性格及处理方式,2,0
涅槃重生,https://www.douban.com/people/191487580/,2019/2/11,1,2019/2/11,19:08:39,0,不怎么样，首先年代的问题，中国任何剧都是以情感剧为路线，永远拍不了专业行业剧,1,0
柚稚linying,https://www.douban.com/people/188643139/,2018/12/13,1,2018/12/21,17:09:24,0,我来凑个热闹。🙃,1,1
用户6517059912,https://www.douban.com/people/189175039/,2018/12/25,1,2018/12/27,16:01:07,0,不怎么喜欢,1,0
我累了,https://www.douban.com/people/172427319/,2018/1/11,1,2018/12/26,20:22:27,0,剧情节奏太慢,1,0
王潇苘,https://www.douban.com/people/wxq1997/,2016/10/15,2,2018/12/16,20:19:17,0,这个剧拍的很有质感，群众演员都很入戏，唯一不好的就是选角有问题，杨烁演什么都像他自己，完全一个套路，童谣用力过猛，看着反而是在表演，不真实，王凯演的最好，但是有点老了，没有青年感，希望正午阳光能多发展一些新人演员，别老是那一帮子人来演，一部两部是新鲜，演多了看着跳戏,2,2
程序亦非猿,https://www.douban.com/people/151494413/,2016/9/22,1,2018/12/23,7:54:57,0,姐姐没了，放弃了。,1,0
阳光月光星光,https://www.douban.com/people/188751380/,2018/12/16,1,2018/12/16,11:33:33,0,看了几集实在看不下去了！,1,0
大鱼等于二,https://www.douban.com/people/189369086/,2018/12/30,2,2019/1/6,23:15:57,0,#大江大河#2019年第一部电视剧，不吹不黑，22集，弃剧！看到宋艳萍去世了，就觉得编剧写本子真是不假思索啊，这么好看的小章子怡，就这么死了？还有男一男二的演技，让我一直没有入戏，他俩的刻板印象太深了，演什么都是自己。,2,2
tiankai12,https://www.douban.com/people/188678523/,2018/12/14,1,2018/12/14,19:46:00,0,不符合历史不好看,1,0
角度,https://www.douban.com/people/180945384/,2018/7/10,1,2018/12/12,17:59:49,0,没有期待的指数高,1,1
士轩,https://www.douban.com/people/171290866/,2017/12/19,1,2018/12/15,21:40:37,0,节奏稍微慢了点，有几位演员的表演感觉有些游离，一看就出戏,1,0
孤独的海怪,https://www.douban.com/people/177211068/,2018/4/12,1,2018/12/26,13:15:05,0,本来挺好的一部剧，非要搞那些难产大出血的老套路，腻。,1,2
�� 🇧 🇨 丶随风,https://www.douban.com/people/176144893/,2018/3/30,1,2018/12/22,11:58:32,0,演员演得没问题，就冲编剧把萍萍写死了我就给个一星,1,0
我的头像敲可爱,https://www.douban.com/people/188533950/,2018/12/11,2,2018/12/29,8:15:13,0,现在真的好讨厌宋运辉和梁思申啊,2,2
红,https://www.douban.com/people/159823834/,2017/4/2,1,2018/12/14,20:55:59,0,太难看了，不喜欢这样的剧。,1,0
岚山咖啡,https://www.douban.com/people/189310731/,2018/12/29,5,2018/12/29,3:30:55,0,作为改革开放的同时代人，好像又回到了那个振奋的年代，真是感同身受。,5,0
小马识途,https://www.douban.com/people/143370962/,2016/3/17,1,2019/1/1,11:41:45,0,昨晚陪家人看了20分钟，真心一般，断言此剧稳定以后评分在7分以下，看的这段剧情是宋云辉刚到工厂上班被分配到了一厂，厂领导和新来的大学生讲话，那个水书记在那么多人面前不分青红皂白表扬宋云辉，批评那个什么姓詹的，顺带还把炮口对准了自己的几个下属，得罪了一圈人，这狗屎编剧，人能当上厂领导，就这点水平？好，我忍了一下，因为现实中确实也有这种比较独裁的领导，比如董明珠一类的，但人威望很高，意见没人敢反驳，耐心继续看下去，接着看到宋云辉被分到了一厂，水书记当那么多人面表宋云辉，下面人竟然敢这么做，我就实在看不下去了，实在是一点逻辑都没有。对国产剧失去信心了。喷子们，来吧。,1,0
喵,https://www.douban.com/people/189232612/,2018/12/27,1,2018/12/28,10:14:53,0,不喜欢,1,0
tanqfrisky,https://www.douban.com/people/69958682/,2013/3/9,1,2019/1/3,23:35:08,0,卧槽什么鬼,1,0
米纱,https://www.douban.com/people/104460291/,2014/10/30,2,2018/12/25,14:45:12,0,没有热评说的那么好看啊，剧情一般。姐弟演的跟情侣似的。,2,0
独特🔥,https://www.douban.com/people/167153713/,2017/9/24,1,2019/1/5,22:30:29,0,看过最恶心的就是这部电视剧,1,0
小龚的春夏秋冬,https://www.douban.com/people/182091753/,2018/8/1,2,2018/12/10,20:49:34,1,看了前两集，比较失望。一是王凯在这两集表现个人认为不佳，对复杂情感的表现不到位。二是剧情似乎不符合历史，当年改革后，高考是考前单位或村委开证明，而不是政审材料吧？再者，政审材料也应该是招生单位审查，而不是革委会审查吧？第三，既然是因为家庭原因，那姐弟两的情况不是应该相同吗？取一个又要放弃一个，不管是什么理由，我觉得不通。王凯的姐姐居然答应了，我觉得这点上剧情有点牵强。总之，似乎剧本的创作者对那段历史并不熟悉，很多细节也是想当然，未进行充足的准备。,2,0
yytt,https://www.douban.com/people/181133073/,2018/7/13,2,2019/1/16,18:55:45,0,只能说还行吧，后面的剧情有点毁三观，就不想追了，既然是一部正能量片子，为啥男主角们都是几任老婆，在那个时代婚姻可以这么随便的么？就不能从一而终么？,2,0
luckysiousiou,https://www.douban.com/people/136439543/,2015/10/22,2,2019/1/6,21:57:19,0,这里三个主演演技最好的是王凯，杨烁总是皱着眉头，没什么感情起伏变化，董子健歇斯底里的演技一般。,2,1
我也睡不着,https://www.douban.com/people/132141888/,2015/7/28,1,2018/12/25,21:28:11,0,好看吗？无聊p了。怎么来的这么高分豆瓣还可信吗,1,0
jj,https://www.douban.com/people/189226168/,2018/12/27,1,2018/12/29,10:45:47,1,剧情一般般没什么新鲜感真不知道这分刷的真是无语,1,0
不争朝夕,https://www.douban.com/people/148345525/,2016/7/15,1,2018/12/14,9:49:15,0,不怎么样王凯演技被吊打吧,1,0
疯子ii,https://www.douban.com/people/190336871/,2019/1/20,2,2019/1/26,22:05:05,0,一般,2,0
赵朵朵,https://www.douban.com/people/174815221/,2018/3/2,1,2018/12/14,23:03:35,0,养鱼，砖厂，家庭联产，抄袭平凡的世界好不好。第9集，10集，开启婆媳上演矛盾了，有意思吗，导演有毛病吧。,1,2
老影谜,https://www.douban.com/people/162939076/,2017/6/24,1,2018/12/12,6:25:08,0,受不了王凯的演技，演的不真实太假了。,1,0
灵芝草,https://www.douban.com/people/188446337/,2018/12/8,1,2018/12/11,11:57:17,0,1.2集节奏还较快，王凯虽然形象接近角色，但毕竟年龄大，呈现出很装的样子。,1,2
写点什么吧,https://www.douban.com/people/172643531/,2018/1/15,2,2018/12/15,13:50:59,0,大江大河第一集，情节老套，剧情发展沓，很好奇豆瓣的高分是怎么来的。那些说节奏很快的评论，真心不解,2,0
豆友188615668,https://www.douban.com/people/188615668/,2018/12/13,1,2018/12/14,17:29:47,0,没有外滩钟声好看,1,2
|μξt ┎herE,https://www.douban.com/people/k344118/,2010/4/18,1,2018/12/21,8:03:23,1,因为萍萍到死，我只想给一星。好好的契合改革开放40周年大主题的好剧，非要按小说来。改改会死啊？改的欣欣向荣一片祥和不可以吗？,1,0
用户5988997445,https://www.douban.com/people/187651879/,2018/11/21,1,2018/12/14,21:06:48,0,吹捧太厉害，不符合历史，胡编乱造,1,0
MM,https://www.douban.com/people/174169275/,2018/2/18,1,2018/12/29,10:42:25,0,真没觉的好看把分刷的怎么高有意思吗,1,0
陌生女人,https://www.douban.com/people/143085670/,2016/3/11,1,2018/12/10,23:08:17,1,这么丑的男主角实在是难以接受，真真是毁了我心中的宋运辉啊！,1,0
晴天依旧,https://www.douban.com/people/156017397/,2017/1/5,1,2019/1/16,1:26:10,1,好好看自己喜欢的剧，自己喜欢的5分，不喜欢的就一分，有看过吗？妹的，我也回敬一个，再见！,1,2
豆友189377093,https://www.douban.com/people/189377093/,2018/12/30,2,2019/1/12,12:52:24,0,有点乱啊,2,1
豆友191406917,https://www.douban.com/people/191406917/,2019/2/10,5,2019/2/10,17:54:24,0,宋运辉演的还,5,2
小井,https://www.douban.com/people/147790649/,2016/7/2,1,2018/12/22,18:32:48,0,不停的出现各种情况，事情一个接着一个，剧情太紧凑了也不好，看到宋运萍去点钢筋的时候就猜到了绝对要出事，当时就想挺好的剧剧情也难免俗套，为什么好好的不行，显不出你故事的跌宕了？怀孕就必须流产或者死掉，看到这段直接就弃了。,1,0
兰涛,https://www.douban.com/people/181623780/,2018/7/23,1,2018/12/30,4:45:05,0,这部剧我真的看的太想骂编剧了，那个人人生有这么悲惨，配角的演技都被主角演的好，准备弃剧了。注水太多了，再看打我脸,1,0
吃瓜博士,https://www.douban.com/people/189671501/,2019/1/5,2,2019/1/6,7:20:41,0,王凯那张干瘪的老脸怎么好意思去演男主青涩时期的？前期不能找个演员么？弃了弃了,2,0
戮炁,https://www.douban.com/people/189695890/,2019/1/6,1,2019/1/7,12:35:20,0,不敢写真的就别恶心人,1,0
豆友188622081,https://www.douban.com/people/188622081/,2018/12/13,1,2018/12/17,21:27:53,0,假，不真实,1,0
天赐一滴泪,https://www.douban.com/people/81083729/,2013/12/13,1,2019/1/2,2:13:14,0,说良心剧的你们的良心在哪里？,1,0
豆友188660135,https://www.douban.com/people/188660135/,2018/12/14,1,2018/12/15,7:47:30,0,不真实。都吹爆了,1,2
