桃花流水鳜鱼肥,https://www.douban.com/people/158820715/,2017/3/9,5,2018/12/10,19:38:45,2304,喜欢这种时代大发展，大变革期间的故事。普通人在时代洪流的夹裹中改变命运，有种催人奋进的力量。全剧最精彩拍的最好的是金州厂的剧集，剧情格局和演员演技都比小雷村高出了不少层级，宋运辉的成长故事很精彩，结尾的独白令人心潮澎湃。期待《大江大河2:东海风云》,5,2
Flatline,https://www.douban.com/people/153942535/,2016/11/17,5,2018/12/10,19:48:46,1483,这部可以算是今年最佳了，孔笙拍起这类题材来真是得心应手，王凯这次演的真好啊，真希望能看到越来越多像这样踏踏实实演戏的好演员。,5,2
坏人,https://www.douban.com/people/153015915/,2016/10/26,5,2018/12/10,19:37:56,3787,开头就是宋运辉上大学的小高潮，很吸引人。王凯演技牛了，而且为戏减肥，穿个背心都能看到一条条肋骨，很敬业了。少年感真的不靠妆容，王凯演的宋运辉有点黑瘦黑瘦的，但是整个神态就很像18岁的倔强农村青年。后面209宿舍日常还有大寻小辉的对手戏笑死人了，小辉有一点书呆气傻傻的很好玩。金州厂斗主线真是不负期待，各个党派间暗潮涌动，简直一部职场教科书，看着小辉从菜鸟一点点进步成掌权者。不好剧透，但是王凯的几场哭戏真的共情感好强，看哭了。吹一波最后结局王凯的独白，台词功底棒棒哒，期待第二部东海风云,5,2
熙 和,https://www.douban.com/people/cherie7/,2008/7/4,5,2018/12/10,19:43:01,2651,等了一年终于等到一部好剧。宋运辉哽咽着问“真的，真的能上大学了吗”时的表情，一下就感染到我了。看到现在，不是假大空的喊口号，而是贴近你我父辈生活的小人物，与时代变革交相辉映的奋斗故事。非常值得追！,5,2
张小朵,https://www.douban.com/people/55843491/,2011/11/6,5,2018/12/10,19:43:40,1928,一代人有一代人的命运，想和宋运辉一样，成为抓住命运改变命运的那种人！从一个当时社会底层的学生，到大学生、工厂技术员，最后拥有自己的“东海王国”，王凯把角色一路的变化演绎的非常好！他就是最适合宋运辉的演员！,5,2
盛世清平,https://www.douban.com/people/168782263/,2017/10/27,5,2018/12/10,19:50:56,1185,我从前看过太多的改开剧到最后只是几个干瘪的人物撕心裂肺得喊上几句口号，严重脱离人民、脱离真实。而看到《大江大河》时，我不禁哽咽，那个瘦骨嶙峋的暴晒在烈日下面一遍又一遍背社论的名叫宋运辉的孩子的倔强影子，给我留下了深刻的印象。“知识改变命运”，宋运辉是这样想的，这让我想起了家里穷苦、有四个弟弟妹妹的母亲当年不顾一切地想要上大学，她离开家乡的脚步也像宋运辉一样的不舍、倔强却铿锵有力。“不尽狂澜走沧海”，王凯的声音饱含了温柔而坚定的力量，为这部戏付出太多太多的他，当值一个五星。,5,2
杏元饼干,https://www.douban.com/people/credova/,2009/8/8,5,2018/12/11,8:51:39,1055,别的不多夸了，我爸说王凯喂猪的姿势很专业。1.4更新我是冲着想看宋家姐弟改变命运打五星的，结果到后期你特么天天给我看睡不睡寡妇养不养猪？？？我奉劝正午阳光有点良心别再愚弄观众了，想拍乡爱找本山大爷！,5,1
Linyyy,https://www.douban.com/people/147979443/,2016/7/6,5,2018/12/10,19:40:08,1087,我今年21岁，离那个时代挺远的。以前爷爷给我讲那段岁月的时候眼睛里是放着光的，可惜那时候我不懂。几年过去，爷爷不在了，我遇到这部剧，我想我应该是懂了。,5,2
笔触,https://www.douban.com/people/172820251/,2018/1/19,5,2018/12/10,19:45:33,1076,《大江大河》是通过国营经济、集体经济、个体经济去展现属于那个年代特有的情怀。演员跟角色之间融合的很好，情节主线紧贴时代，彰显特色，是一部值得期待的电视剧。不胖的王凯为了贴合人物特意减肥，一切为了角色，真的很棒，演员都是原声，台词功底过硬，会一直追下去。期待下面的剧情。,5,2
无他,https://www.douban.com/people/142469807/,2016/2/26,5,2018/12/10,19:44:46,1017,好久没看到这样扎实的一部戏，正午阳光出品果然不同凡响。王凯台词功底很厉害，不愧是80这波佼佼者。,5,2
依依不舍,https://www.douban.com/people/143357879/,2016/3/17,5,2018/12/10,19:45:04,965,王凯真厉害，演18岁大学生毫无违和感，瘦成排骨看得我心疼😭，人物性格抓得也太准了吧，还请某家组团的黑水嘴下留情，看不上剧情可以，直接人身攻击演员这就下作了吧,5,0
姜文文,https://www.douban.com/people/xiaoshan_yama/,2014/7/16,5,2018/12/10,19:57:57,810,要推荐！其实我一直不太喜欢看这种剧，但是这部剧越看越有意思，尤其是氛围真是还原了那个时代，看的时候家里老人一直在旁边絮叨“当时可不就是这样吗balabala”。演员也好，好到让我忽略了年纪不符合了。是为数不多能陪父母踏踏实实看完的片子。片尾的时候脑子里自动播放韩红的《祖国不会忘记》，想想那个所有人都在拼搏的年代，竟然感动了。正午的路很稳，还有打光也很好！很有感觉！,5,2
涂涂,https://www.douban.com/people/151632729/,2016/9/25,5,2018/12/10,19:48:33,778,看到厂斗戏了，太精彩了，非常期待宋运辉这条线了，希望节奏继续保持住,5,2
juzi同学,https://www.douban.com/people/juziweier/,2016/9/25,5,2018/12/10,19:48:22,783,正在看，质感非常好，那个年代的三个年轻人不同的际遇，令人感慨感动！,5,2
士大夫张居正,https://www.douban.com/people/154017356/,2016/11/19,5,2018/12/10,19:38:46,759,很不错的电视剧，反映了文革后青年想通过高考改变命运的历程，王凯把那种懵懂与无畏都演绎得很好，有些场景表现得很巧妙，对成分论……的描绘也很深入。第二集给我的印象是两个化学系的新生居然在讨论两个凡是，这很值得我们今天的大学生学习，不仅仅局限在自己的专业，而应放眼全局。小雷家那段讲联产承包责任制很生动，当时人们因为文革的阴影而不敢改革，雷东宝反而敢于打破常规。,5,2
苟且偷生,https://www.douban.com/people/149827598/,2016/8/16,5,2018/12/10,19:49:07,730,画面好看，演的都很好，还是有认真的演员在工作的。王凯很敬业，这点佩服他,5,2
Tony,https://www.douban.com/people/186709120/,2018/11/1,1,2018/12/10,19:47:15,359,王凯简直丑的赶客了，又黑又土又油腻，居然还娘,1,0
仰望星空,https://www.douban.com/people/142815078/,2016/3/5,5,2018/12/10,20:01:59,639,好看又有深意，正午阳光出品，孔笙导演，王凯主演，原著还是阿耐的成名大作。这些元素都非常吸引人。王凯在剧中倾情演绎寒门学子宋运辉。他单薄的身材，隐忍的表情、充满内疚的下跪，精彩演出了一位受家庭成分所累，被压迫多年的少年郎。表演非常精准和到位。这实在是一部非常令人期待的作品。,5,2
莱昂诺尔,https://www.douban.com/people/170578465/,2017/12/4,5,2018/12/10,19:54:43,625,一星给9分原著《大江东去》；一星给正午阳光这个团队，听说为了这个戏建了个村；一星给孔笙，有孔笙的戏可以放一半心；一星给中戏男人帮，演员选的好，角色才能成功；一星是鼓励。,5,0
无济。,https://www.douban.com/people/183700176/,2018/8/27,5,2018/12/11,0:25:49,603,1.对黑子故意打低分的行为表示唾弃、可怜和无奈，一个致敬改革开放四十周年的献礼剧居然可以因为黑演员而故意打低分，格局全无！2.大江大河真的算是献礼剧的翘楚了吧，它没有空喊口号，而是抓住在改革开放大背景下的小人物的故事，节奏不错，细节处理也很好，每个人物都很真实！3.我超喜欢看宋运辉宿舍那三个叔叔吵架哈哈哈哈(ಡωಡ)特别有喜感~4.感觉看完剧我政治，历史考试和语文作文不愁了！5.补充25-26集，太过瘾了，情节紧凑，真的很尊重观众智商了！（悄悄说一句大江可能高估观众智商了）总结：不愧正午阳光出品~！,5,2
若水,https://www.douban.com/people/145576489/,2016/5/9,5,2018/12/10,19:49:33,617,前两集真心不错，催泪又真实得感动，希望能一直保持这个节奏。想到父母就是那一辈的人，真的是特别珍惜上大学的机会，一直都在告诉我一定要考大学，当时不理解，后来渐渐就懂了。回顾那段时光，对他们来说是忆青春，对我们来说会更加惜当下。看到第十集了，安云相声社和光棍村日常笑死个人；小辉看人看事非常准了，也特别有远见慢慢成为家里顶梁柱了；东宝你要是敢对姐姐不好我就😭😭😭；小杨馒头也登场了，大江大河真好看丫金州线好好看，厂斗剧情节奏厉害了看到片尾的独白十分震撼，这部剧带来很多向上力量，不由地想与主人公一样为了理想去做一个逐梦人，不计代价只为了一句“我不想辜负这个时代”。看了第二部预告，十分精彩，敲碗等。希望第二部能够全面展示出改革开放盛大画卷，国企、集体和个体全面开花，而不是拘泥于一个方面。,5,2
芸芸雪儿,https://www.douban.com/people/182637615/,2018/8/10,2,2018/12/10,19:34:24,365,王凯真的太娘了，留个锅盖头娘气冲天，演戏好油，演什么都是王凯自己，正午别再吹良心了，别打情怀骗豆瓣分踩同期剧了，现在于妈都良心本心了，正午再吹那老三样也骗不了人了，剧节奏慢的要死,2,0
哈～吼！,https://www.douban.com/people/miaoxu0326/,2015/5/19,5,2018/12/10,19:42:33,565,我的躯体独一无二，无可变动，我来到这儿，彻彻底底，只此一遭。“我不想辜负这个时代。”他们都不会辜负这个时代带给他们的机遇。王凯为了这部剧真的瘦了好多啊，很多场景也特别还原，看着就是那个年代，这么用心这部剧肯定不会差。,5,0
困觉,https://www.douban.com/people/151193330/,2016/9/16,5,2018/12/10,19:48:31,538,跟随着宋运辉的成长轨迹回顾了78-88这十年，人物在有限的剧集里被演员“立”住了。回看第一集发现，这个人真是如身边人一样在你不经意间就长大了，那么自然、那么引人入胜。整部剧虽然有那么一些令人遗憾的地方，但仍然不妨碍它成为2018最好的国剧。期待大江大河2，期待东海的故事。,5,2
无问西东,https://www.douban.com/people/154637865/,2016/12/4,5,2018/12/10,19:56:20,503,36岁的王凯饰演18岁的农村少年宋运辉毫无违和感，太棒了，这才是整容式演技,5,2
文秀,https://www.douban.com/people/164705253/,2017/8/2,5,2018/12/10,19:52:28,508,这是一部大格局的巨作，这是一卷接地气的生活篇章，它让我们的父母再回味那个时代，让我们更了解那个时代，让我们的后辈更珍惜当下，从而不辜负这个时代，每一位演员都能看出来是用了心的，你可以选择不看，或者不评价，但请你理智做个人，不想再看见有某人的粉丝黑子来这片净土上作妖作怪，吃相真的很难看，很恶心，言尽于此，总还是会有只懂人身攻击的不入流之辈，还好我们心里都有一杆秤，里面总有住着善良。,5,0
清新明艳高圆圆,https://www.douban.com/people/183880237/,2018/8/30,5,2018/12/10,20:03:41,463,诶，苦命的姐弟啊，希望生活对他们好一点。王凯和童瑶的演技真好，台词过硬。细节上做得很好，很有年代感。,5,2
微雨阑珊,https://www.douban.com/people/151304457/,2016/9/18,5,2018/12/10,19:59:42,415,一代人有一代人的际遇，一代人也有一代人的奋斗，看了前两集和预告片，所有演员对整体人物和细节的把控都非常到位，正午的制作也一贯的精良，剧情饱满，有笑有泪，好剧值得追下去！,5,2
Lori,https://www.douban.com/people/158793819/,2017/3/8,5,2018/12/10,19:45:28,434,孔笙死忠粉来了！镜头好美啊！这剧追定了！,5,0
Yvonone,https://www.douban.com/people/71428516/,2013/4/19,5,2018/12/10,20:05:42,406,我觉得这是部可以留下来的作品，因为它值得，因为王凯值得！！！,5,2
小满,https://www.douban.com/people/146932018/,2016/6/11,5,2018/12/10,19:45:29,404,宋运辉天资聪颖，却出身不好，受尽歧视，但是把握住了1978年恢复高考的机会，上大学、包分配、下基层，成为一名国企技术人员。变革的浪潮中，早熟刻苦的宋运辉醉心钻研技术改革，竭力远离一切权势纷争，一步步的晋升让他拥有了年少时丝毫不敢奢求的人生轨迹，同时也带给了他新的苦恼和迷茫。,5,2
呆头小鹅,https://www.douban.com/people/156623954/,2017/1/19,5,2018/12/10,19:45:09,418,不尽狂澜走沧海，一拳天与压潮头。志之所趋，不可阻挡。正午真的处女座剧组，各个细节都处理的太棒了，几乎完全还原了那个时代的社会风貌，值得细品。（半夜来加一句，黑演员的都原地爆炸！奤🐷🐔屎滚远点！）（12.24金州这两集太燃了吧！为大江疯狂打call！）,5,2
TRACYNK,https://www.douban.com/people/169128515/,2017/11/3,5,2018/12/10,19:57:13,396,看了第一集，宋运辉太让人心疼了，上学咋这么难呀，王凯演的真好，其他演员演的也好。镜头和bgm都好喜欢，节奏也好，正午真是必出精品。,5,2
肥鱼,https://www.douban.com/people/90685418/,2014/6/8,5,2018/12/10,19:49:08,387,吹爆王凯的演技我的天这真的是他吗太有感觉了看着他就像看到了我弟弟太像了太像了,5,1
peggie,https://www.douban.com/people/142817458/,2016/3/5,5,2018/12/10,19:46:15,370,前两集两姐弟的命运看得泪目，演员又是减肥又是涂黑粉还原那个年代，真的很敬业，会追下去,5,2
我们一起喵喵喵,https://www.douban.com/people/177969700/,2018/4/28,5,2018/12/10,19:46:08,386,王凯演出了一个十几岁少年应有的稚气，剧情很好，为宋家四口的命运感慨，吾辈应自强，我们都不应该辜负这个时代,5,2
且行且休,https://www.douban.com/people/thelandofnod/,2009/4/15,5,2018/12/10,20:10:50,347,近期难得的国产好剧，节奏挺快的，冲突也很强烈，开头几集挺吸引人的。另外要吹爆王凯，为了演这个戏减了好多，蛮符合那个年代的人物形象的，而且眼神清澈，满满的少年气，就是一个倔强少年的模样。看的过程中一直为宋家人的命运而揪心，值得追,5,2
风吹百里,https://www.douban.com/people/cheng158557/,2015/11/12,2,2018/12/10,20:02:50,222,王凯现在演18很违和，演技也很麻麻,2,2
蔚歌,https://www.douban.com/people/50917771/,2011/4/17,5,2018/12/10,19:53:20,336,之前看过书，现在电视剧开播了，超级期待的！正在看，整个剧的感觉特别对味，演员的表现也很好。虽然没经历过那个时代，但是因为了解了这段历史才更加珍惜当下的日子。,5,2
全麦泡芙,https://www.douban.com/people/150913528/,2016/9/8,5,2018/12/10,19:41:54,324,剧情流畅，演员演技都很自然，继续追剧,5,2
王朝,https://www.douban.com/people/177876316/,2018/4/26,5,2018/12/10,23:27:49,321,看大江大河觉得演员这个行业真神奇，宋运辉黑黢黢傻乎乎挑着扁担叫大学室友叔叔，你就真的相信他“年底就满十九了”。王凯的少年感不是挤眉嘟嘴款浮于形式的装嫩，是他清清朗朗，沉默着脆弱，倔强着自尊，羞涩着活泼，和世界不熟练地打交道的样子。,5,2
开心快乐每一天,https://www.douban.com/people/154292831/,2016/11/25,5,2018/12/11,19:09:34,276,看了第一集很有共鸣，那个时候唯成分论真的让我们这些出身不好的人上大学成为可望不可即的奢望。电视剧的表现和表演相当真实和接地气，看的我自己仿佛又回到那时候，高考的一切历历在目。有共鸣但不伤感，追逐努力过都是值得的。,5,2
小予,https://www.douban.com/people/135637220/,2015/10/6,5,2018/12/10,19:54:43,312,看见了冷静的真实历史，还有中国人骨子里的倔强执着。无论在哪个年代，无论何种环境，都能昂扬地寻找生活的出路和生命的光亮。看到19集，这剧亮点太多，最神的绝对是编剧👏2223集，三个男主选角太好；希望节奏继续保持，分数或许还能升。2526再夸编剧，踏实又有见地。47集最后再说两句，1.瑕不掩瑜2.王凯是个被低估的好演员。,5,2
tlxszbzsjnd,https://www.douban.com/people/gjj2017/,2016/11/29,5,2018/12/10,19:55:52,305,事实证明三十多的演员演十八九小年轻不一定非要靠打白粉加打光磨皮，黑也可以。,5,0
苗子,https://www.douban.com/people/172785697/,2018/1/19,5,2018/12/10,19:48:19,309,不尽狂澜走沧海，一拳天与压潮头，太期待这个磅礴大气的变革时代里，宋运辉这些先行者的壮阔人生了！,5,2
��,https://www.douban.com/people/50756062/,2011/4/10,5,2018/12/10,19:48:22,319,为了贴近人物，凯凯王减重14斤，非常期待了,5,2
jennings,https://www.douban.com/people/2667456/,2008/7/4,5,2018/12/10,20:34:14,304,我妈看的眼睛红了，她一定想到了当年因为我姥爷是臭老九她没能上成学，这可能就是她一直逼我上到研究生的原因吧……,5,2
致郁系,https://www.douban.com/people/chorist/,2008/9/29,5,2018/12/10,20:21:22,284,第一集，宋云辉站在革委会院子里背文件的时候，我的眼泪一下子就出来了。太难过了，完全不知道原来那时候，他们还有受这么一些我们现在根本无法理解的委屈。当时我就想着，要是我那时候珍惜自己读书的时光就好了，我们唾手可得的东西可能就是他们求之不得的珍宝。,5,0
暮云春树,https://www.douban.com/people/161275329/,2017/5/11,5,2018/12/10,19:55:00,297,《大江大河》中，王凯饰演的宋运辉是“知识改变命运”的典型代表，他历经坎坷考入大学，毕业后来到国营工厂担任技术人员。他扎根技术、提倡革新，无心利益争斗，历尽坎坷最终取得成功。要从稚气未脱的18岁大学生演到成熟稳重的化工骨干，对于已经离开学校多年的他来说，如何演出宋运辉的少年感是个大考验，孔笙导演给他建议说，那时候的人性格、心理状态很淳朴、简单，当一个人心无杂念，外在自然而然就放松下来。而且在诠释角色的过程中，王凯还屡次向父母请教，了解他们那个时代的爱情、青春、生活的具体形态，“首先通过与父母的沟通，仔细揣摩了他们年轻时的状态；其次，我看了一些他们那会儿的合影，黑白照片，人物状态特别精神，朝气蓬勃，这些对我的角色创作给予了很大的帮助。”,5,2
打眼,https://www.douban.com/people/78651585/,2013/10/4,5,2018/12/10,19:54:09,281,好看，画面好看、剧情节奏都不错！好评！演员演技在线！,5,2
jiaruxy,https://www.douban.com/people/104556137/,2014/10/31,5,2018/12/10,19:48:19,284,正在看，很好看。很久没有一部办公室一起讨论的剧了，大江大河正好，「志之所趋，不可阻挡」会继续追的～,5,2
不知道你,https://www.douban.com/people/143298152/,2016/3/16,1,2018/12/11,1:29:26,145,王凯的违和先不说了，这个题材拍2.66：1来装逼？自己看看不难受么？,1,0
商鹿,https://www.douban.com/people/176126352/,2018/3/29,5,2018/12/10,20:01:04,286,镜头像电影一样，王凯的宋运辉太有少年感了，瘦成那样还那么可怜不让上学，有点心疼，他台词真好。,5,2
吃面要加葱姜蒜,https://www.douban.com/people/64053275/,2012/8/21,5,2018/12/10,19:58:31,274,这部剧，让经历过那个年代的人“忆当年”，让没有经历过那个年代的人“惜当下”，从第一集开始就让人很能带入，很不错，是一部能留得下来的好剧。,5,1
爱你在心口难开,https://www.douban.com/people/157726771/,2017/2/12,5,2018/12/10,19:50:33,252,喜欢的小说与喜欢的演员完美结合，还原这段激昂的岁月！太激动了！,5,2
哦。,https://www.douban.com/people/159460543/,2017/3/24,4,2018/12/12,19:11:58,241,呜呜呜呜呜呜呜呜呜姐姐好温柔啊，好喜欢姐姐啊，姐姐能不能不死啊——————————————————看完了我来吐槽了，这分虚高了，我真的不想看没完没了乡村爱情和哭坟，金州线是被狗撵了吗？？？杨巡戏份你敢不敢别给我删成这样？？？好好的改开剧为啥拍成这样，孔笙真的怎么被捧上神坛的，我看他本人比流量还能营销🙄🙄🙄,4,0
风吹麦浪,https://www.douban.com/people/126862417/,2015/5/3,5,2018/12/11,0:06:40,255,看了两集，哭了两次。宋运辉历尽千辛万苦终于上了大学，在校园那一幕，我想起了爸爸。爸爸也是那个年代的大学生，他也经历了国营单位的各种变迁，计划经济的年代为了给坐月子的妈妈买几个鸡蛋，还没打成投机倒把。辛苦奋斗了一辈子，把我和哥哥养大成人。然而就在去年，爸爸突发心脏病去世了。我无时无刻不在怀念爸爸，他就是那个时代的亲历者见证者。他虽然不在了，但他跟那个时代一样不会被忘记。,5,2
重度熬夜患者,https://www.douban.com/people/151629447/,2016/9/25,5,2018/12/10,20:06:50,260,期待好久了，特别喜欢原著，主创也是很棒的团队！目前节奏掌握的不错，演员演技都在线！正午拍年代剧还是很放心的。王凯竟然瘦成这样了，很贴角色了，敬业！,5,2
鹿岛小野,https://www.douban.com/people/184357472/,2018/9/10,1,2018/12/11,22:20:50,70,Ymls2.0感谢wkf开课,1,2
波子球,https://www.douban.com/people/158832424/,2017/3/9,5,2018/12/10,19:53:45,252,第一集就看哭了，改革开放先行者真是不容易啊！,5,1
辣,https://www.douban.com/people/121891012/,2015/2/23,5,2018/12/10,19:57:25,240,拯救剧荒的我，每天两集不够看。看过小说大江东去，剧拍的很还原原著，增加的情节和一些改编使人物更丰满了，演员演技在线，熟悉的面孔但完全不串戏，给五星,5,2
老袁,https://www.douban.com/people/yrsyl/,2011/2/21,5,2018/12/10,22:44:48,238,情节紧凑，而且桥段都挺有意思的。虽然是主旋律献礼片，但不无聊。尤其是王凯，开篇十八岁少年不好演，加上宋运辉这个角色，除了少年的青涩懵懂还有特定历史环境下性格中不甘命运的倔强和早熟。他完成得很棒，期待后面更精彩。,5,2
子衿,https://www.douban.com/people/153493097/,2016/11/6,5,2018/12/10,20:16:58,251,宋运辉那种敢背一千遍社论的决心，那一边喂猪一边也能学习考大学的毅力，我有哪怕一半，也能做成任何事，宋运辉值得任何成就。,5,2
小方方爱小兰兰,https://www.douban.com/people/178419367/,2018/5/8,5,2018/12/10,20:14:03,234,五星，正午阳光的剧，制作一直都是业内数一数二的，剧情很紧凑。三个男演员都不错，童谣，虽然不熟，但是脸挺好的。喜欢王凯。,5,2
一泓绿水,https://www.douban.com/people/50630284/,2011/4/5,5,2018/12/10,20:24:14,236,“当一艘小船走在长江上，你快进入到长江口了，你必须换船。你坐上这艘大船往前去的时候，回头看一看，所有人的人都是英雄。”我们是生来就在大船上了。我们不曾、也不想回头去看。看我们的父辈披荆斩棘，把一个家，一个国，送到这艘巨轮之上。所以我们误解，我们产生隔阂，我们认为他们是如此固执又保守的一代，却没想到他们的青春是乘着扁舟，于惊涛骇浪中走过。《大江大河》让我们一起回顾父辈的时代！宋运辉是核心人物，王凯、杨立新、赵君是演技担当。,5,2
H. vulgare,https://www.douban.com/people/47106181/,2010/11/2,5,2018/12/10,20:06:52,231,很久没有这么适合全家看的剧了！！感动！！,5,2
刘十九,https://www.douban.com/people/4901199/,2009/8/8,3,2018/12/10,20:02:54,116,王凯的造型实在太陈家明了，看的时候很怕他突然翘起兰花指,3,1
唯艾毓,https://www.douban.com/people/69047357/,2013/2/13,5,2018/12/10,21:23:05,226,节奏明快，剧情流畅，能让我们这样的90后感同身受。人物性格都很饱满，前两集就戏剧冲突不断，看哭了好久。王凯饰演18岁的宋运辉，少年感特别自然，喜怒哀乐都牵动人心。童谣的宋运萍也好好啊，姐弟情令人落泪。,5,2
向日葵🌻,https://www.douban.com/people/186119984/,2018/10/19,3,2018/12/12,4:49:45,79,王凯有点老,3,0
Palification,https://www.douban.com/people/180597464/,2018/7/2,1,2018/12/23,11:07:53,23,某某是基佬还死不承认，去泰国和gay圈名媛各种乱交啪啪啪,1,0
buongiorno,https://www.douban.com/people/149215988/,2016/8/4,5,2018/12/10,19:49:05,227,两姐弟的命运看得泪目，老妈说剧里还原的那个时代很贴近现实。王凯减肥加涂黑粉后，剧里都快认不出来了,5,2
依山,https://www.douban.com/people/131053461/,2015/7/10,5,2018/12/10,19:50:50,209,致敬父辈的40年致敬我们的40年致敬未来的40年,5,2
奶油小方,https://www.douban.com/people/151626748/,2016/9/25,5,2018/12/11,6:09:11,186,太真实太戳心，泪目很多次。向所有台前演员和幕后工作人员致敬，是很认真很用心的作品，让观众感觉到是被尊重着的。王凯演18岁真的违和感很小了，演技值得夸一下，一开始还担心来着，毕竟演员三十好几了。然后超级超级超级喜欢姐姐啊，想想后续就难受QAQ,5,2
Alan-navy,https://www.douban.com/people/ZHJ623/,2015/6/13,1,2018/12/10,22:35:29,63,一星不解释,1,0
冰镇西瓜橘子水,https://www.douban.com/people/65400706/,2012/10/14,4,2018/12/10,23:04:48,192,评论里那些不解释无脑一星的你们以后也别嫌弃国产没好剧了精细面食不吃非要吃糠劣币驱除良币就是你们一手造成的,4,0
哈哈你好吗亲切,https://www.douban.com/people/148414988/,2016/7/16,1,2018/12/11,19:20:20,70,36岁演十几岁？...,1,0
风拂晓城,https://www.douban.com/people/130146156/,2015/6/22,5,2018/12/10,19:57:47,187,王凯帅到我了！演技很棒！,5,2
咯吱咯吱,https://www.douban.com/people/169578074/,2017/11/13,5,2018/12/10,20:23:26,213,好好看，正午保持住了水平。编剧太牛了，剧本果然是一剧之本！单单编剧就值四颗星，何况还有这么好的制作。从这部剧记住了编剧，黄伟导演。每个演员也都很优秀。印象最深的是宋运辉，东宝妈，老猢狲，四宝，要重点夸一下。王凯演的真好，在这个年龄有这种演技很厉害了！,5,2
hxx小小,https://www.douban.com/people/163940996/,2017/7/18,5,2018/12/10,20:00:06,197,看过小说，又看了片花和预告，感觉很燃很戳人。演员全员演技在线，加上孔导，黄导，正午出品，强强联手，必出精品！此剧必看必追！,5,2
临水棠,https://www.douban.com/people/iwk/,2016/6/12,5,2018/12/10,20:27:41,194,静水流深。宋运辉和萍萍在革委会背人民日报社论看得眼睛湿了，少年少女眼里的的希望和倔强在大太阳底下闪闪发光。宋运辉真是又怂又萌又倔，有那个年代的气息。26集是目前为止宋运辉的高光时刻，不是开会辩论赢了费刘，而是和刘总工推心置腹的一段“因人成事因人废事”，这才是引导改革方向的坚定的指引者，大江大河——来了！,5,2
柳丁爱健身,https://www.douban.com/people/48834960/,2011/1/16,5,2018/12/10,20:00:12,195,从宣布开拍开始，就一直关注着这部剧。那是一个特殊的年代，也是一个巨变的年代，距离我们并不遥远，却多少有些陌生。大江大河我要和父母一起看，一起回忆他们的青春。,5,2
齐天大圣,https://www.douban.com/people/2760978/,2008/7/30,5,2018/12/10,20:54:25,182,全中国的学校都应该组织起来观看前两集，看着四十年前的年轻人为了上个大学多么的不容易，会更加珍惜当下的环境,5,2
头子的牙医,https://www.douban.com/people/58256744/,2012/2/3,5,2018/12/10,19:54:27,198,正午这次的拍法对于演出少年感这种要求是减分的，因为画面太清晰锐度高又不带柔光，虽然是大光圈，但其实会显得皮肤的纹路更明显，加上王凯本身又出名，大家都知道他的年纪，真的是加大了难度。王凯最终演出来的，不是说拍得他像一个少年，而是你哪怕知道演员的真实年纪，你依然愿意相信他里面装着一个少年的灵魂，他的年轻是从他的眼神，他举手投足，他走路的姿态，他的勇敢和青涩里透出来的，不是靠表象的，越看越像，我不是说非得让每个人都承认他看上去多么年轻，而是他的确演得非常出色。这还只是基础，他在演出了少年感之后，还要在每个情节时候在上面叠加不同的复杂情绪，少年才会开心到了觉得自己委屈的地步，大人可能已经不会了。他还要不停地成长，不停地转换状态，不停地叠加更多复杂的情绪，他是直接用演技在带剧情，我都想用了不起来形容他,5,2
渭川曲,https://www.douban.com/people/75021019/,2013/7/8,1,2018/12/12,4:46:40,58,很简单，一星,1,0
机智46酱,https://www.douban.com/people/170612189/,2017/12/5,5,2018/12/10,20:19:32,198,一直喜欢这种年代戏，好看真好看，宋运辉挺轴啊，还怂萌怂萌的，摄影真是好看,5,2
于山南水北,https://www.douban.com/people/151493808/,2016/9/22,5,2018/12/10,20:21:07,198,第一集就哭了，想起了当年的我舅舅和我妈，我姥爷是地主，我舅我妈都没能考大学。宋运辉面对造反派的怯懦真的太真实了，想起我妈了,5,0
一只,https://www.douban.com/people/139620289/,2015/12/28,5,2018/12/10,22:16:08,188,[看了大江大河，王凯的少年感真的不是演出来的，是那种沉浸在剧情里而自我带入后的自然的少年清澈感，好剧好演员。,5,2
jenh001,https://www.douban.com/people/153137495/,2016/10/29,5,2018/12/12,1:13:57,178,王凯的演技实在超乎我之前的想像，宋运辉的形像活脱脱是我兄长们当年的样子，而憋着哭、被打手指跳起来等与我家青年的神态是一样的，这头两集真的看得我感动不已，不由自主跟着宋运辉哭了笑了,5,2
杨柳千千wby,https://www.douban.com/people/161467257/,2017/5/16,5,2018/12/10,22:14:04,173,这是部留得下来的片子，非常好。能够参与其中就很好，明白导演和那一代人的执着，要拍这部作品的执着，这样的人生应该被纪录下来。王凯再一次用演技征服了我，那就是宋运辉。五星推荐！,5,2
Further,https://www.douban.com/people/147942800/,2016/7/5,1,2018/12/13,13:51:59,54,这也能上8分？呵，我还是喜欢杨紫的剧,1,2
凶凶怪,https://www.douban.com/people/triumph/,2010/6/6,5,2018/12/12,0:00:55,147,王凯有演技诶，演得一点儿都不出戏,5,0
王盈,https://www.douban.com/people/159427858/,2017/3/23,5,2018/12/10,22:12:59,172,作为上世纪的60后，亲身经历了改革开放，对四十年来的社会变迁记忆犹新，看到《大江大河》预告片时，很感兴趣。今晚观看了《大江大河》1、2集，很有感觉，好评。故事是从1978年宋家姐弟参加刚刚恢复的高考开始，故事情节一波三折，很紧凑，很抓人；整个剧的置景道具、画面色彩、环境氛围、人物外形、精神状态等很有年代感，能把观众带入其中；正午阳光出品，果然是精良制作，这部剧值得一看，明天继续追剧。,5,2
知否知否,https://www.douban.com/people/163763437/,2017/7/14,5,2018/12/10,20:09:19,165,大江大河，从1978年一直到1998年，很精彩，每个人物都很饱满，经历过挫折、经历过大起大落，绝不放弃，电视生动形象描述了中国改革进程。。第一集节奏很快，两姐弟大学风波不脱离带水，干脆，期待后续剧情，王凯演的角色真的很认真了，减肥14斤，不应该被黑！细节做的也好，台词好、布景也还原。,5,2
南无一飘舟*,https://www.douban.com/people/157818432/,2017/2/14,5,2018/12/10,23:41:10,163,我还纳闷为什么童谣排在三个男主演的后面，原来她真的是最让人心疼的啊...,5,0
一灰,https://www.douban.com/people/71383486/,2013/4/18,5,2018/12/10,20:21:25,151,宋运辉，期待你毕业后，从技术工人到国营大厂厂长的逆袭!,5,2
紫韵,https://www.douban.com/people/145953964/,2016/5/18,5,2018/12/10,20:19:57,182,孔笙导演说就想找最贴合人物的普通人去演，做剧的态度打心里都是真诚实在。非常放心地去享受这部剧，全景展示改革开放40年，贴近现实，小说精彩，演员贴合，演得平实亲切，跟那个年代的普通人一样！希望国剧都是这样的精品！,5,2
庹某人,https://www.douban.com/people/YuFengTuo/,2015/1/6,5,2018/12/11,8:06:57,152,看完大江大河后，我妈说：“好看！王凯的哭戏感染人。”，我爸说：“我们的那个年代比这个还要惨，戏拍的真好，也该让你们这些小年轻看看我们走过的路。”是部好剧。,5,2
piiiia,https://www.douban.com/people/157045148/,2017/1/30,5,2018/12/13,21:28:29,165,评论里的黑子很恶心……,5,0
呵呵,https://www.douban.com/people/168503104/,2017/10/21,5,2018/12/10,20:29:56,157,一直期待的剧终于开播，正午出的剧真的是始终如一的高品质，让《大江东去》还原度很高，为制作团队点赞。在看预告时就感觉每一位演员都将小说里的人物特点演绎的很到位。期待后期的剧情开展，期待每一位演员带来的精彩演绎。,5,2
不羁的星球杯,https://www.douban.com/people/84605028/,2014/3/9,5,2018/12/10,19:50:40,157,节奏好棒啊，想起父母爱情,5,2
苍龟探穴,https://www.douban.com/people/149193019/,2016/8/4,5,2018/12/10,19:57:38,163,作为这本书的书粉，看到正午将它影视化真是太欣慰了，能感受到他们真的是真实地还原了那个时代的纯真质朴与改开初期激荡的热情，听说王凯为了贴近宋运辉的形象瘦了将近20斤，还冒着生命危险去老旧的化工厂拍戏，很感动，这些演员身上的特质都是非常契合人物的，他们抛弃了美丽的形象而去扮土扮丑，这很难得，选角比我看书时想象的更合适,5,2
凡桐,https://www.douban.com/people/142820619/,2016/3/5,5,2018/12/10,22:44:43,156,跟妈妈一起看了第一第二集，妈妈一边跟我科普什么是红五类，黑五类，一边感慨宋家姐弟的遭遇，说那时候真的不容易，你们现在是真幸福。真的，大江大河拍的非常好，剧情好，节奏好，台词好，目前所有演员演技都很自然，包括老猢狲这个坏人。有泪点有笑点，情节流畅舒服。是的，一代人有一代人的奋斗，一代人有一代人的际遇，要努力啊！会和家人一起追剧的。,5,2
顾村公园,https://www.douban.com/people/182920971/,2018/8/14,5,2018/12/10,19:56:49,175,真的吹爆正午的剧啊，王凯演技超棒啊，没有刻意的演出少年感，仿佛那就是一个毛头小子。节奏也很紧凑，追下去的欲望越来越强了！,5,2
Vanish,https://www.douban.com/people/154584732/,2016/12/3,5,2018/12/10,22:13:02,142,B站你要的今年豆瓣评分8.5以上的剧来了！,5,0
奥斯曼图尔曼,https://www.douban.com/people/175326091/,2018/3/13,4,2018/12/10,19:47:10,152,难得的正剧，好制作。演员也靠谱，特别喜欢王凯和童瑶。,4,2
天上人间,https://www.douban.com/people/170233846/,2017/11/27,5,2018/12/10,23:05:02,147,亲历过那个年代，感觉好真实，18岁的宋运辉活灵活现啊，好学上进，拼尽自己全力去抓住上大学的机会，去改变全家的命运。剧组很注意细节，服化道特别用心，很有质感的一部剧。正午出品，必属精品。,5,2
阳光灿烂,https://www.douban.com/people/172517540/,2018/1/13,1,2018/12/13,15:42:56,57,其他演员还好，就是男主看着尴尬，一脸的褶子非要演个十七八的小伙子😔,1,0
萧影净,https://www.douban.com/people/139027750/,2015/12/15,1,2018/12/19,17:48:21,31,尬吹，不值,1,0
凯凯的小阿一,https://www.douban.com/people/149061023/,2016/8/1,5,2018/12/10,20:28:32,152,节奏适中，也踏踏实实讲故事，终于开播了，不负众望啊！,5,2
狗逼,https://www.douban.com/people/146863128/,2016/6/9,1,2018/12/14,19:50:36,37,生理厌恶,1,1
啊哦,https://www.douban.com/people/42993556/,2010/7/4,2,2018/12/18,12:41:03,42,我就想说句实话,2,0
东南夏,https://www.douban.com/people/149067037/,2016/8/1,5,2018/12/10,21:49:33,145,看完了前两集，我决定吃下这颗安利。因为我被深深打动了。从得知高考成绩的兴奋，到因为“成分”问题而被拒绝的愤怒，无奈，到奋力为自己争取上大学资格的倔强，到终于拿到录取通知书的释放的呐喊…一切都一切都深深触动了我。他们早就不是王凯，不是童谣，他们就是宋运辉和宋运萍。就是在改革开放之初，普通却不平凡的人。大江大河，这部剧追定了!王凯老师演的真的太好了!!!,5,2
小王子,https://www.douban.com/people/44414157/,2010/8/6,5,2018/12/10,19:52:36,152,不负这个时代，这个剧组做到了。,5,2
紫气东来wbjlz,https://www.douban.com/people/146051741/,2016/5/20,1,2018/12/13,15:33:10,55,看了一集就看不下去了，男主一如既往的装b实在让人反胃,1,1
自由飞翔,https://www.douban.com/people/172514691/,2018/1/13,1,2018/12/19,18:28:05,29,emm，王凯里面的造型真的好像陈家明,1,2
酒街,https://www.douban.com/people/174761828/,2018/3/1,5,2018/12/10,22:49:57,147,未开播前，吸引我的是好班底，好演员。开播后，看了两集，我知道能让我追下去的是好故事，好人物。献礼剧最难以接受的就是纯粹的喊口号，难得的是，就前两集来说，大江大河没有，他用很紧凑的剧情向我们呈现了好的故事。,5,2
叶承康,https://www.douban.com/people/157109306/,2017/1/31,5,2018/12/10,21:29:26,142,很早之前就听说大江东去要拍电视剧了。王凯的宋运辉和董子健的杨巡都很符合人设。正午的节奏问题是我一直担心的，但是看了前两集剧情不拖沓，演技全员在线且都有所突破（王凯的造型令我很意外哈哈），道具也很还原那个年代，看得出剧组十分用心了！希望这是一部可以留的下来的好剧。,5,2
古装颜狗一枚,https://www.douban.com/people/153132091/,2016/10/29,1,2018/12/13,1:20:53,45,欣赏不来,1,0
朝歌,https://www.douban.com/people/169651517/,2017/11/14,5,2018/12/10,22:09:05,135,上次在b站看吐槽，说2018年没有一部上8.5的星剧，说再等一等坚守一下年末，看看奇迹会不会出现，果然大江大河来了！,5,0
云胡不喜,https://www.douban.com/people/80702996/,2013/12/2,5,2018/12/10,20:21:50,140,之前看了小说，真的是波澜壮阔的改革时代，第一集看完了，感觉很满意，宋运辉背文件哪里真的很感动，姐弟感情真好！会继续追下去,5,2
姬轩辕,https://www.douban.com/people/48706650/,2011/1/10,5,2018/12/10,21:36:29,129,电影画幅好有钱。。剧情节奏快好爽，书里写上大学的事还用了挺长一截。姐弟俩为上大学的事抗争这段演的很好，各种小表情各种心酸。就是始终意难平，姐姐如果也能上大学就好了。难受。,5,2
迟归的云暮,https://www.douban.com/people/171016812/,2017/12/14,5,2018/12/12,14:08:40,119,看完四集，诚意之作，精品之作。演员都好到位，童瑶好美，王凯好大的惊喜，没想到能演那么好！,5,2
刀刀,https://www.douban.com/people/59050206/,2012/2/29,5,2018/12/11,6:45:38,125,王凯把角色带入到那个时代，在那种情形下，宋运辉是通过他倔强委屈和一点莽撞之下的表情和状态表现的出来的，这是自然的流露，演技精湛,5,2
2333远行客,https://www.douban.com/people/170893701/,2017/12/11,5,2018/12/10,23:00:06,121,想到导演的那句话，“当一艘小船走在长江上，你快进入到长江口了，你必须换船。你坐上这艘大船往前去的时候，回头看一看，船上所有人都是英雄。”这部剧里的每个人都是英雄。这部剧里的金州厂斗论手段，论格局，能把市面上的大部分的宫斗，宅斗，职场斗秒的渣都不剩，就你们那点小手段小聪明，放到金州估计都活不过片头曲。所谓的献礼剧，就该是这样，有大格局，大气魄。,5,0
SCJ,https://www.douban.com/people/174751620/,2018/3/1,2,2018/12/10,22:47:24,56,不要装嫩好吧，实在是太恶心了。本来蛮正常的一个人，哎呀，嗯，实在没办法看。,2,0
琉璃瓦,https://www.douban.com/people/160956868/,2017/5/2,5,2018/12/10,22:38:51,129,王凯完美演绎了一个18岁的少年未经人事的倔强，没有激烈的表达，依然让人深刻感受到了那种情绪的波动，考上大学的喜悦，历经波折的忐忑，希望破灭的绝望，那峰回路转的一跪直接看哭了,5,2
Qiao小姍,https://www.douban.com/people/173037477/,2018/1/24,5,2018/12/11,21:06:27,115,正式开始追剧，我欣赏这里面很多演员，但是最喜欢王凯，听说王凯为了贴合宋运辉的角色特点减重，其他演员看着都心疼。看了四集，宋运辉很好，执着，甚至执拗，我觉得宋运辉这个角色立住了。,5,2
hhhhhh,https://www.douban.com/people/152036433/,2016/10/4,5,2018/12/11,6:29:00,113,这个题材拍的出乎意料得有可看性，演员选得真的好,5,2
山风,https://www.douban.com/people/166254233/,2017/9/1,5,2018/12/10,22:10:35,124,前两集由宋运辉的视角徐徐展开，宋运辉在革委会院子里背人民日报，姐姐为了弟弟放弃上大学的名额，小辉被大学录取……一幕接着一幕展现在观众面前，带领我们走进那波澜壮阔又充满激情的历史年代！,5,2
南渡北归,https://www.douban.com/people/maochenqu/,2009/10/18,5,2018/12/10,20:16:29,138,“自由之于人类，就像亮光之于眼睛”，主创们很用心地在呈现那样一个冲破黑暗的年代，在黑暗中等待光明！希望我也能像这里的许多人一样永远追求知识，追求自由，敢于人先，在时代洪流中留下自己的印记,5,2
网瘾少女,https://www.douban.com/people/44818896/,2010/8/15,5,2018/12/10,20:21:05,131,本年度最期待的电视剧没有之一。看了两集哭了好多遍，宋运辉倔强得让人心疼，姐姐为了弟弟放弃自己读大学的机会也让人心疼。宋运辉读报真的太好听了！能磕一百遍！吹爆25.26集！！！36集去小辉坟墓看姐姐这一段，看多少遍还是泪流满面，王凯的演技真是润物细无声啊！最后一集的独白看得我热泪盈眶！,5,2
似水。流年,https://www.douban.com/people/174819601/,2018/3/2,1,2018/12/19,18:25:28,27,真的尬不好看,1,0
青峥,https://www.douban.com/people/158750681/,2017/3/7,5,2018/12/12,13:23:34,115,看了两集，完全符合史实，父亲当年差点因为成分没能上上大学，母亲当年成绩第一也是因为成分不让上大学。政策是一回事，人性黑暗的掌权者又是一回事，当年真的是有很多人就是看不得你好。良心剧，节奏快，不拖沓，演员用心，王凯的宋运辉在太阳底下背文件那个细节里，白色上衣湿了一半。,5,2
藏完,https://www.douban.com/people/174673491/,2018/2/27,5,2018/12/13,14:54:05,123,一星的朋友们都是为点啥啊。。。。？,5,0
VannieHR ,https://www.douban.com/people/154000563/,2016/11/19,5,2018/12/10,19:53:52,135,很接地气的片子，主题是正的，但戏的切口很小，演员们都很专业很入戏，人物生动，剧情紧凑，很不错，推荐！,5,2
沈棠,https://www.douban.com/people/143470752/,2016/3/20,5,2018/12/10,20:20:11,128,感觉十分贴近原著人物了，而且这个角色有深度有跨度，并不是扁平的脸谱化角色，超级期待凯凯王的演绎了～,5,2
叫我兰帕德,https://www.douban.com/people/chelsea92/,2015/1/2,1,2018/12/24,8:39:26,14,用什么小鲜肉，男的不像男的，不好看,1,0
悠悠然哉,https://www.douban.com/people/138763588/,2015/12/9,5,2018/12/23,23:45:40,131,王凯，洗尽铅华，这次我把他归入“戏骨”行列。,5,1
哈哈哈,https://www.douban.com/people/183010810/,2018/8/15,1,2018/12/17,17:37:37,26,好看吗？,1,2
哟哟闹不住,https://www.douban.com/people/169043391/,2017/11/2,5,2018/12/10,20:18:05,125,剧荒了一年终于开播了，看过原著，小说的格局非常大。制作非常认真踏实接地气为还原那个时代，扎根生活本身，下了巨大的功夫，演员王凯，杨烁，董子健，童瑶都非常符合他们的角色。为了塑造的角色更贴近人物背景王凯减重十几斤，杨烁增重20斤，敬业精神都令人感动。,5,2
amberjhc,https://www.douban.com/people/159506431/,2017/3/25,5,2018/12/10,22:44:51,119,借用王凯总结的话，忆当年，惜当下。我们父辈经历过的，又如何造就如今的生活，这部剧能引起大家的共鸣。,5,0
天使之翼,https://www.douban.com/people/182531974/,2018/8/8,1,2018/12/11,22:46:25,66,杨烁真油腻，把那个年代的复员军人演的简直像个色狼，还有说话的声音像调戏妇女，真给那年代军人丢脸，四颗星全因为他扣,1,0
波姬小丝,https://www.douban.com/people/134459763/,2015/9/12,2,2018/12/13,15:37:24,32,？？？不怎么好看,2,0
展夫人,https://www.douban.com/people/48891202/,2011/1/19,5,2018/12/13,0:33:20,102,看完前四集我就对别人说，这剧最大的优点是拍出来那个年代的人的精神面貌，而不是仿佛现代人穿越。印象最深的有两处，一处是大叔家来信，大家得知拨乱反正摘帽了，四个人哭着唱“祝福我们的祖国从此走向繁荣富强”，磨难不曾消磨他们的意志。第二处是小雷家包地到户，大家开始红红火火的种起地来，镜头给了那些群演特写，他们的脸上满是对生活的希望，我仿佛一下看到了那些老照片里朝气蓬勃的人们,5,2
大猫的小盒子,https://www.douban.com/people/183661385/,2018/8/26,5,2018/12/11,7:36:29,106,前两集节奏很紧凑，剧组在细节上也很用心。王凯饰演的宋运辉真的是少年感满满，那种青涩、干净、朝气、倔强，让我难以想象这是36岁的他演出来的，已经完全是一个18岁的少年了，演技真的赞。宋运辉如愿上大学、姐姐的自我奉献，都很戳中泪点。,5,2
花开花落,https://www.douban.com/people/162650079/,2017/6/17,5,2018/12/11,23:53:31,110,从大江东去的书粉过来的。电视剧节奏很快，刚一开始就迅速的展开了矛盾冲突，把观众的心给揪了起来。宋家姐弟的命运是什么？宋运辉这个通过知识改变命运的国企典型代表，令我想到我的很多老师。他们都是77.78年通过高考从农村走出来的。好想他们呀。第一二集结束后，心情很沉重，想哭。第三四集终于看到了曙光，希望就在前面。,5,2
爱电影,https://www.douban.com/people/66341382/,2012/11/16,5,2018/12/14,23:18:03,97,“曾看过《羊城晚报》对制片人侯鸿亮的一篇采访。记者问他：怎么让年轻观众更容易接受那种“年代感”？他回答：其实，年轻人只喜欢看偶像剧吗？也不见得。他们只是对看剧的要求比较高，他们希望国内的影视制作水准能相应提高。不管是哪个类型的剧，如果他们觉得自己的智商被尊重了，他们就会接受。这是大实话。而最聪明的主创，从来都很舍得下“笨功夫”。《大江大河》从拍摄到制作，从场景到细节，都透着踏实与认真。”,5,2
Show_Lo,https://www.douban.com/people/122267273/,2015/3/2,1,2018/12/11,9:13:33,49,一般,1,0
炒饭,https://www.douban.com/people/139190944/,2015/12/19,5,2018/12/10,20:18:26,115,节奏很快，很有年代感，用心的团队和演员,5,2
叶晚,https://www.douban.com/people/153079844/,2016/10/27,5,2018/12/10,21:34:25,104,前两天出片花了，“自由之于人类，就像亮光之于眼睛。”淑芬记得这句话原著中并没有，编剧能提炼出来，可以看出是下了很大功夫的。大江篇幅非常长，编剧有这样的水准也足以让人放心。三位男主演都贴和人物，表现非常非常精彩，姐姐也特别好，这肯定是一部非常值得期待的佳片，希望能早点与它相见。更前两集。宋运萍是世界上最好的姐姐，无法想象她用那样一手好字写下放弃名额申请书的心情。宋运辉收到录取通知书的瞬间母上大人泪崩了。神仙姐弟，我的pick,5,2
漂泊在人间,https://www.douban.com/people/148139504/,2016/7/10,5,2018/12/17,7:39:39,102,冲王凯为这剧减了十几斤瘦得能看见一根根肋骨这一点，这剧我会追下去，说实话，以前对于王凯只是觉得很帅，而这部剧让我刮目相看，肃然起敬，一个有流量有人气的演员，愿意为一部乡土气息很浓的年代戏这样做，比那些只会赚流量的鲜肉高太多。,5,2
吃瓜子,https://www.douban.com/people/181630560/,2018/7/23,5,2018/12/17,0:24:17,93,这剧8.9分，分绝对低了，这是我好久好久一来，第一次认真的看国产剧非常良心，上一次这么认真的无加速无快进的看电视剧还是在看琅琊榜的时候,5,2
乔点儿乔,https://www.douban.com/people/143620829/,2016/3/23,5,2018/12/10,22:37:35,111,年代感十足，王凯演绎的19岁少年感十足，被姐姐感动的一塌糊涂。好剧，一定会追下去。,5,2
浅,https://www.douban.com/people/173897756/,2018/2/12,5,2018/12/12,2:25:08,94,目前看了四集，一下看的，很喜欢。至少目前四集看下来剧情连贯，情节紧凑，是正午阳光的水准。提一句这部剧的一个亮点，片头很好！！！吹爆片头！目前出现的几个主要人物都非常立体，宋运萍小姐姐温柔但坚韧的劲儿，宋运辉那种初出牛犊、愣头青的感觉，还有雷东宝的那股子土气与莽劲儿，在容易让观众入戏的基础上还能给人惊喜。很看好这部剧，希望编剧能发力，不要高开低走！不要烂尾！求求12月啦，今年一部高分好剧都没有，希望这部剧后期表现不要让我失望，能对得起我这10分。,5,2
明媚忧伤贾志国,https://www.douban.com/people/51421883/,2011/5/7,5,2018/12/16,15:34:08,97,之前一直不敢打分，就怕哪一天好好的剧再变成又红又专。看到现在基本放心了，这部剧是敢拍也敢说的。说的很客观也很幽默，却也始终抱持积极向上的态度，不丧不怼，理性面对。保持下去，今年最佳。1229更新：近期有些疲软，节奏不再，希望后期能改善。190104更新：我想改四星，朋友不让我改，剪辑师疯了，想器具。190110看完了，如果有第二部能不能换了董子健？,5,0
tomoe,https://www.douban.com/people/152499540/,2016/10/14,2,2018/12/12,10:53:46,49,少年时期换个小演员嘛，真的看起来视觉上很不舒服,2,0
暗夜偷星,https://www.douban.com/people/59288153/,2012/3/8,5,2018/12/11,0:08:24,110,正午阳光加孔笙，这剧肯定不会差到哪里去。36岁的王凯演18岁的宋运辉，有人说他年龄不合适，不过你看一下就会知道少年感这东西还真不是嘟个嘴撒个娇就能演好的。加上改开献礼，这类型的剧还是很少，也能给人耳目一新的感觉，值得一看,5,0
路过的风景,https://www.douban.com/people/169382333/,2017/11/9,5,2018/12/11,8:51:39,99,毋庸置疑在大部分改开片都是谈恋爱为主的献礼剧里，这部是格局最大视角最广最正经的。宋运辉背社论，姐姐放弃上大学和宋运辉雨中奔跑后无助地抱住自己的场景都让人唏嘘。要特别表扬王凯，样貌确实不是鲜嫩少年了，但是那份脆弱倔犟确是艰苦少年应该有的模样！我们全家都会追剧！,5,2
行走,https://www.douban.com/people/3962932/,2009/4/9,5,2018/12/10,23:24:57,90,从细节和氛围上，历史还原度很高，真实可信。让人回忆起7，80年代那些艰难却又火热的生活。王凯细腻的表演，情绪的细致表现，刻画出人物的性格特质和年代气息，让人看到一个一直生活在出身不好的阴影下成长起来的内向却又倔强的少年宋运辉。其他演员的表演也都细腻完美，尤其饰演姐姐宋运萍的童瑶，用细腻真挚的表演，很好的刻画了一个坚强宽容隐忍的姐姐形象。,5,2
白桦林,https://www.douban.com/people/153040540/,2016/10/26,5,2018/12/11,20:04:06,99,王凯演的宋运辉，和我看书的感觉一样，真的是神还原，宋运辉本人啦，书粉非常满意,5,2
魚,https://www.douban.com/people/139852568/,2016/1/1,5,2018/12/10,19:58:37,116,孔笙＋侯鸿亮＋王凯＋正午阳光——我找不到拒绝这部剧的理由。一代人有一代人的际遇，一代人有一代人的奋斗，故事里有他们经历的艰苦岁月，有他们参与的改革开放，有他们期待的美好未来，希望很多年以后，当人们想去了解那个年代的故事会想起这部剧。,5,0
SummerIsle,https://www.douban.com/people/152777457/,2016/10/21,5,2018/12/11,1:06:59,102,后二十集的小雷家全线垮掉，又臭又长，婚后的乡村爱情油腻别扭，过犹不及。金州线大起大落立意高远，演员火花四溅，水书记和宋运辉的每一次对话都令人深思，对于职场人士有很好的启发，大寻小辉的宿舍日常可爱有趣，然而却被混乱的剪辑和稀少的戏份连累，没有充分展现，缺少细节，镜头每次一切回小雷家就让人厌烦乏味。杨巡若不是和小雷家做生意怕是都没啥出场机会，戏份少得可怜，前期还缺少铺垫，观众难以入戏。总之，导演在多线叙事的重点把控上一塌糊涂，后半程节奏和画风宛如精分，下一部请分清主次，详略得当，不要在沉闷无趣的农村戏上浪费笔墨，多关注制造业和个体打拼，狗血感情戏少一点,5,0
锁●玲珑,https://www.douban.com/people/159761233/,2017/4/1,5,2018/12/11,5:57:09,99,前两集剧情紧凑，画面非常有质感，像走进电影院一样，特别是王凯的眼泪直戳人心，真正演出了农村少年的质朴和对现实的无奈。童瑶也演技在线，总之好评，继续追剧！,5,2
风从东方来,https://www.douban.com/people/154622233/,2016/12/4,5,2018/12/11,0:25:45,94,今年最期待的国产剧，果然没有让人失望。献礼改革开放四十年，致敬那个波澜壮阔的变革时代。在细节处理上，正午厉害的，街道村庄服装和当时的人物状态，非常还原那么年代背景。以电影式摄影手法拍摄，高清精致，视觉享受。故事以宋家姐弟上大学展开，通过人物关系，全景展开国企技术改革，农村经济和个体经济，在改革开放的大时代背景下的蓬勃发展。所有人物演技在线，活生生那个年代生活的人。故事较之小说，改编的更生动，更贴近生活，也增加了更多的戏剧性。宋家姐弟懂事中带着倔强，倔强中透着懂事，为了上大学坚定执着的令人心疼。尤其是王凯扮演的宋运辉，黝黑的脸庞，倔强的小眼神，有点胆小怯懦但是为了改变命运又执着的努力争取，让人叹息。随着故事进一步展开，期待越来越精彩。,5,2
桃枝么么,https://www.douban.com/people/80734042/,2013/12/3,5,2018/12/10,19:57:24,110,早就看过原作，选角都非常契合，现在正在看第一集，非常喜欢宋运辉和姐姐。场景和年代感也很到位，诚意满满，期待之后的剧情。,5,2
齐木楠雄,https://www.douban.com/people/1211567/,2006/7/12,3,2018/12/11,7:12:07,40,我一开始以为男主是坚持学习到30多岁最终高考过线而且考了全县第一，还觉得蛮励志，结果他说他十九岁……太违和了！就不能找个真少年演少年时期吗？？！！,3,0
yingzi,https://www.douban.com/people/152679702/,2016/10/18,5,2018/12/10,22:03:32,98,原著是近年最喜欢的小说，对正午阳光的剧一直期待。看了前两集，非常妥帖了，画质上乘有很强的年代感；改编在保持原著主线的前提下加强或合并、删减，使主题突出又不拖沓；出场的演员形象气质都很还原原著人物，特别是演技没有一个短板。很满意，保持啊！,5,2
小胡蜜语,https://www.douban.com/people/153139534/,2016/10/29,5,2018/12/10,22:10:29,92,看了前两集挺感人的，老爸说实际上那时候比电视里还要苦的多，看到十三届三中全会的时候全家都跟着笑了…会接着追下去的，毕竟老爸老妈是父母爱情的忠实观众,5,2
和尚,https://www.douban.com/people/152648652/,2016/10/18,2,2018/12/12,16:47:45,51,明明是好题材，拍出来却不接地气，尤其是表演，有形无神不走心，以王凯的“棒读”为甚,2,0
��,https://www.douban.com/people/kayrant/,2010/7/30,1,2018/12/25,0:17:20,3,ok,1,2
Octavia,https://www.douban.com/people/181246221/,2018/7/16,5,2018/12/10,20:14:03,99,期待已久的《大江大河》终于播出了。生活在大变革时代的人们被时代洪流裹挟着，也被心中对美好生活的欲望驱使着。总有那样一群人，他们是时代的筑梦者，他们勇立潮头，他们矢志不渝，他们一往无前。《大江大河》向时代筑梦者致敬，向我们所经历的时代致敬。,5,0
Jazz🐯,https://www.douban.com/people/158865335/,2017/3/10,5,2018/12/12,23:19:08,96,出乎意料的好看，这种农村开场的正剧，节奏快，画面美，演得好，特别是王凯的表演，一个倔强好强的土辉，读社论、跟姐姐忏悔、拿到录取通知书，几个片段都让我掉泪,5,2
李瓜雨儿,https://www.douban.com/people/44802446/,2010/8/15,5,2018/12/11,1:22:20,90,正午阳光必出精品。谁能想到呢我居然在看这样一个主旋律正剧。王凯真的非常有少年感，剧里画面真的非常好看，看了两集我就要给五星了！！,5,2
甜甜的橙子,https://www.douban.com/people/88506657/,2014/5/8,5,2018/12/17,22:35:40,83,一直觉得王凯演技好，这个电视剧更感觉他是个好演员,5,2
Eva,https://www.douban.com/people/evazhang1985/,2006/1/5,5,2018/12/12,22:53:32,86,每天都在追大江大河，真的太好看了，有几个情节一直哭得不行……那个时代的人真的很不容易吧。王凯演19岁的少年一点也不违和，太厉害了！节奏很快~会一直追的~,5,2
卡,https://www.douban.com/people/167380765/,2017/9/29,5,2018/12/11,22:29:56,80,看了原著的表示这个节奏真的很快了叭果然重点部分还是在金州厂里。情节很紧凑很抓人，演员选的是真的合适，王凯就是宋运辉本人了！给孔导比心！,5,2
迷惘,https://www.douban.com/people/3628987/,2009/2/12,5,2018/12/10,23:24:24,90,先要说一句导演对整部剧的重心把握出现很大问题。故事开篇不错，节奏把控很好，王凯自然地展现了少年感，主要演员都很好。看到结局，不得不说宋运辉这条线非常棒，王凯细腻的演技和深厚的台词功力成就了这部剧，但是小雷家这条线只能算半部好剧，在萍萍死后陷入出现问题，宋运辉帮忙解决问题这种循环往复，剧情和演绎越来越差，最后结局雷的哭坟特别尴尬。宋运辉和金州厂值得10分，其他的希望第二部改进。五星给王凯，真的是个好演员。,5,2
cuicui1009,https://www.douban.com/people/139302603/,2015/12/21,5,2018/12/11,10:40:23,89,追完后重新评价下。今年最好看品质最好的剧。宋运辉宋运萍水书记大寻小猫徐县长四眼老书记我给120分，他们演的比我期待的最好的还要好。缺点是三条线节奏失衡，看出导演掌控这种多线剧情还是吃力。,5,2
违规昵称6789,https://www.douban.com/people/180311913/,2018/6/25,5,2018/12/10,22:48:06,97,献礼正剧。靖王殿下演技出色！节奏简直完美。评论中的无脑黑也是够了。,5,2
给日子加点醋,https://www.douban.com/people/187713650/,2018/11/23,5,2018/12/10,19:50:56,101,国产剧又上一个新台阶了，看电影的感觉。王凯演的少年宋运辉真不错，其他人物选的也挺好，继续看看。,5,2
小霸王其乐无穷,https://www.douban.com/people/146254051/,2016/5/25,5,2018/12/10,21:47:47,90,看哭了，明白小辉的委屈。一个时代，哎，不想多说，也没看小说，只希望，后面不要辜负这些热血青年们的赤胆忠心！,5,0
奚导,https://www.douban.com/people/xidao888/,2014/6/2,1,2018/12/24,11:52:44,19,为啥演的这么假，评分还这么高，怎么看都像是电视剧版演员的诞生,1,0
时不止，事无常,https://www.douban.com/people/123864004/,2015/3/27,5,2018/12/11,2:37:57,88,看了前面两集，剧高于我的预期。大江东去的小说我看了几章，因为太长就没有坚持再看了，前面两集整体来说节奏很好，从考上大学—政审过不了—只能一个人读大学—进大学读书，2集就讲了这么多内容，里面的人物性格也表现的很好，所有的演员演技都好好，那个年代读大学真不容易。唉╯﹏╰，我边看边哭，一会又是边哭边笑的，我一个90后没有过过那种日子，也能感受到他们的挣扎与绝望。男主和姐姐的感情真好呀，弟弟当初为了姐姐放弃读高中，姐姐又为了弟弟放弃了读大学，看预告后面弟弟还一直写信鼓励姐姐继续考试。姐弟俩的父亲和母亲都很老实，善良，也很坚忍。我本来是一个不喜欢农村题材的剧的人，但这部剧让我喜欢上村里的场景。看预告雷东宝要出来了，还挺搞笑的。希望后面可以越来越好。,5,2
たっつん,https://www.douban.com/people/haoxi0818/,2010/7/27,5,2018/12/11,11:02:44,78,当年我小姑念书最好，大爸和我爸一般，两个人出来当工人把小姑供出来（爷爷奶奶重男轻女不管），爸爸大爸下了县上的林场，后来奶奶瘫痪，我爸回到市里毛纺厂边上班边照顾奶奶，后来嘛~小姑上大学当了老师，每年带高三英语，老公也是县里什么局长，大爸和局长女儿结婚，毛纺厂能有什么前途，早就下岗喽！所以一步赶不上，步步落后，又时候我会怨念一下，但几家的关系还是很好，都是良善人家。,5,2
隐隐约约一样,https://www.douban.com/people/158014166/,2017/2/19,5,2018/12/10,22:24:04,90,宋运辉和程开颜的恋爱好甜啊😭崽崽，妈妈爱你们，爱金州线😭,5,2
回首独重道,https://www.douban.com/people/147295736/,2016/6/19,5,2018/12/10,23:20:04,82,王凯开始的扮相不好看，但是演的真的很好！,5,2
安歌,https://www.douban.com/people/85100104/,2014/3/23,5,2018/12/11,7:23:12,82,一直对那个年代抵触又好奇，从前只能看书想象，现在家里老人提起过的那些酸甜苦辣通通变成了真实的影像。真的很好哭，主演说这部剧让没经历过那个年代的人惜当下，我一直懂得长辈年轻时不容易，但是今天才感受到他们是真的一步一个脚印为自己的家挣了一个光明未来。,5,2
爱丽丝伪喵,https://www.douban.com/people/37106882/,2010/3/16,5,2018/12/11,2:32:06,86,不愧是2018第一剧集，无愧扛鼎之名。金州改革风起云涌，王凯的演绎炉火纯青。唯一可惜的就是戏份太少太碎，许多激动人心的地方都被剪掉了，造成观感下降。本来妥妥上9的神剧被拖累。还有小杨巡的奋斗经历也是，这么贴合现代的两条线，被养猪复仇挤得只剩寥寥，实在令人唏嘘。大江大河的大格局，变成了家长里短的爱情故事，可惜了。,5,2
十三姨,https://www.douban.com/people/154510901/,2016/12/1,5,2018/12/27,11:27:33,82,王凯演技爆表！为角色减肥这个不用发通稿就能看出来，清瘦略带营养不良情绪激动或者过度劳累就会低血糖的人物感觉找的非常准。最喜欢他耸鼻子的小动作，戴框架眼镜久了的人都知道，因为时间长了眼镜会下滑，都会习惯性的用手推眼镜架或者耸鼻子把眼镜调整好。,5,2
影视圈不圈,https://www.douban.com/people/187206514/,2018/11/12,5,2018/12/10,23:29:30,83,一部70年代人(50.60年代生)的主旋律剧，把我一个95后看哭了…难道是我出问题了？,5,0
yangzilan,https://www.douban.com/people/175054402/,2018/3/7,4,2018/12/11,7:33:57,49,期望值太高了，王凯出演正午阳光的剧太多了，一直都是老干部的形象，有点局限了。,4,0
BG9GXM,https://www.douban.com/people/58526714/,2012/2/13,1,2018/12/25,20:37:10,7,锤子片,1,0
Kay,https://www.douban.com/people/169379155/,2017/11/9,1,2018/12/28,4:03:26,5,不喜欢这个时代,1,0
foggy froggy,https://www.douban.com/people/seraphantom/,2013/7/18,2,2018/12/19,21:08:11,19,在看<激荡三十年>，想看看它如何表现改开三四十年来国民经济发展，本以为这个剧挺契合，却两集弃。本剧的推送时间和党媒开始在年底宣传改开40周年都很有意思。根本没有写实，过于美化了，70年代末的中国农村没有这么好。政治剧可以理解，但不苟同。评分高可能是偶像成分和所谓怀旧情怀过高。乖乖看书去。,2,0
平凡的世界,https://www.douban.com/people/186274585/,2018/10/22,5,2018/12/11,22:36:06,79,正午的剧从来没让人失望过，布景依然那么好。看了4集剧中主演真的都很棒。尤其王凯超出了我的预期没想到他能把宋运辉演绎的这么贴切。和他平时形象真的反差很大，可见很用心了，还有一个剧中让我印象深刻的是宋运萍，她把她的“光”给了宋运辉，自己不得不放弃理想而求其次，另外小雷家戏份也挺有意思的。期待他们如何把家建起来。继续追剧。,5,2
kk,https://www.douban.com/people/174086943/,2018/2/17,1,2018/12/16,9:13:36,28,真不知道这豆这么高是怎么打的我看一集也就这样,1,0
商君,https://www.douban.com/people/69595578/,2013/2/28,5,2018/12/24,17:43:07,82,近两年最良心的国产剧，很真实、节奏也差强人意，如果小雷家的剧情能精简一些就更好了。演员的演技全体在线，特别是扮演宋运辉的王凯，尤其令人惊喜。宋运辉的言谈举止、一颦一笑都能让观众感觉到他就是那个年代的知识分子、他就是宋运辉，他的整体气场让观众相信了那个戏剧空间的真实！王凯有一种可以让观众相信戏剧空间、进入戏剧空间、并与角色共情的能力。这种能力令我很惊讶！,5,2
浮世绘,https://www.douban.com/people/94977220/,2014/8/1,5,2018/12/10,20:39:02,91,看了第一集，年代感扑面而来。宋运辉在烈日下背人民日报那段真的有戳到我。正午拍起年代剧来，真的是信手拈来，连细节都做的很好。感慨一下，那个年代才真的是知识改变命运,5,2
那么近那么远,https://www.douban.com/people/186026049/,2018/10/17,5,2018/12/13,14:34:38,76,昨晚看宋运辉他爸烧掉平反申请后的那段话，太让人心痛，他害怕给子女再惹麻烦，他太害怕了，宁愿憋屈的活着。宋运辉是三个代表人物里最难演的，演员的完成度很好，期待金州厂和水书记的对手戏。,5,0
吃嘛嘛香,https://www.douban.com/people/158820982/,2017/3/9,5,2018/12/13,13:17:52,77,慕名而来哈哈哈，去年启动的时候知道是正午的团队和班底就列入追剧清单了，本来想等等攒肥了再看，可是看了微博上放的片段根本按捺不住。是正午一贯的水准，甚至要更高，细节一如既往地到位，而且节奏明显比以往的作品都要明快，能三两下交代清楚的绝不拖泥带水，请其他注水剧向大江大河看齐好伐。演员是真心选的好，连小配角都浑身是戏，王凯更不用说了，实力派就是实力派，以前我老吐槽扮嫩的演员，剧组为啥不直接请个小演员演年轻时候，何苦为难观众的眼睛，但王凯演的十八九岁的宋运辉就完全浑然天成，从眼神到动作到语气完全就是那个味儿，点赞！！！更加期待后面人物成长的剧情了。已经推荐给我老妈，我要把她从玛丽苏言情剧里拯救出来哈哈。这是最近写得最用心的点评了，今年电视剧市场低迷，希望这个好剧让更多看到。,5,2
只欣赏好作品,https://www.douban.com/people/153900042/,2016/11/16,5,2018/12/10,22:45:55,85,真的非常好看！非常真实的再现了那个年代发生的故事，王凯演绎的宋运辉让人心疼，数次感同身受到落泪。再次感叹现在的好生活啊！,5,2
沙拉勺子,https://www.douban.com/people/anjiji/,2009/6/29,1,2018/12/29,5:49:40,7,最近总是和豆瓣群众背道相驰，感觉开始严重怀疑自己的审美观，可怕。。。,1,0
minll,https://www.douban.com/people/14020418/,2009/9/29,5,2018/12/11,8:28:25,77,孔笙最新力作，王凯宋运辉演得好改编自阿耐名著《大江东去》，正午阳光和孔笙导演的最新力作，王凯主演，阵容班底都非常吸引人。一部很有诚意的作品。第一二集非常感人。王凯的宋运辉演得真好，各种表情很到位，展现真实的少年感，真实还原了那个年代人的身体状况和精神面貌。惊艳！！这是一部可以反复刷看的电视剧，王凯、杨烁、董子健、童谣这些剧中人和书中人设非常符合。,5,2
( •̀∀•́ ),https://www.douban.com/people/147265463/,2016/6/19,5,2018/12/16,1:16:13,79,一二集节奏太好了₍◝(･'ω'･)◟⁾一眼认出我的老丁！！kkw这次非常真实优秀，憋憋屈屈哭的时候蜜汁戳我点,5,2
Charlie Hsu,https://www.douban.com/people/171083625/,2017/12/15,1,2018/12/28,15:01:44,9,烂烂烂,1,0
洗象红衣,https://www.douban.com/people/137127393/,2015/11/4,1,2018/12/26,23:11:39,8,有部小说叫大江东去，它有部连故事节奏都把握不好的同人叫大江大河（手动拜拜）。,1,0
吃我咸鱼突刺,https://www.douban.com/people/65095398/,2012/10/3,1,2018/12/16,20:00:16,17,年代剧不是问题，问题是近期上映的都是年代剧，《外滩钟声》、《我们的四十年》、《那座城这家人》、《大江大河》，感觉跟当年重庆唱红歌、更早的样板戏一个意思，不好意思，全部一星。,1,0
桃花庵下桃花仙,https://www.douban.com/people/139019096/,2015/12/15,2,2018/12/14,22:52:38,24,一星给原著，一星给正午阳光，作为阿耐书粉加正午自来水，对这部剧本是抱有很大期望的，但是选角有大问题，王凯演十几岁的少年实在太出戏，而且他身上真的有浓浓的“受”感，粉丝吹得演技也没看出来，有点失望😞,2,0
柜中阿喵,https://www.douban.com/people/161683277/,2017/5/22,5,2018/12/19,23:28:39,76,王凯从来没有让我失望过，太好看了！厂斗好厉害，也真的精彩，小雷家村希望雷东宝多长脑子听听劝，好多事也怪他自己，我总觉得有伏笔，他性格有缺陷，太操心了，明天姐姐是不是就下线了不要啊！！现在也超级期待杨巡线～从第一集我自己看到现在全家每晚都在等，真的骄傲，正午良心～！,5,2
Hidden Man,https://www.douban.com/people/156680737/,2017/1/21,1,2018/12/26,23:00:37,8,戳爆演技吧，还尼玛吹王凯那演技呢？,1,0
メガテラヨメ,https://www.douban.com/people/170695122/,2017/12/7,5,2018/12/10,22:44:10,80,看到最新更新来重新评论一下，这是一部留得下来的作品，宋运辉是一个留得下来的角色，真好，演员能演这样一个角色是幸运，角色能被这样出色的演员诠释出来，也是一种幸运。看到目前为止最喜欢的几场戏是背人民日报的无助愤懑，没得到工作机会的失落，姐姐过世跟大寻倾诉的悲痛自责，被敬重的领导全盘否定的不平委屈，真的太喜欢王凯演出来的宋运辉了，期待接下来的演绎。完结了，结尾王凯的独白真是升华主题，台词功底真的很好啊，虽然第一部中后段节奏有点问题，但还是瑕不掩瑜，这就是2018年总体表现最好的剧集，我还是很期待第二部的，好好拍啊正午阳光,5,2
ghost orchids,https://www.douban.com/people/59816509/,2012/3/26,5,2018/12/24,22:26:01,67,看到快30集啦终于放心全5星好评特别是金州厂斗看的真是分分钟暂停记笔记,5,2
shjkl,https://www.douban.com/people/70451629/,2013/3/22,5,2018/12/11,5:38:40,79,这是我麻麻强烈要求我打分的，特别好看～满分！希望后面也能保持这样好看的节奏。,5,2
岁月写手,https://www.douban.com/people/155786397/,2016/12/31,4,2018/12/19,16:28:42,14,又看了看，在这个类型还算可以的，后面挺好的,4,2
追梦少年,https://www.douban.com/people/154072665/,2016/11/20,2,2018/12/26,22:09:06,4,一般般，要是主演是胡歌就好了,2,0
寒梅煮酒,https://www.douban.com/people/151929203/,2016/10/2,5,2018/12/24,9:48:14,77,看了这部剧就能理解白岩松那句每个年代有每个年代不同的困难，不易，没有哪代人的青春是容易的，2018最好的华语电视剧。正午牛逼！王凯牛逼！,5,0
白柠夔,https://www.douban.com/people/3675380/,2009/2/20,1,2018/12/19,17:56:28,15,拍的一点也不写实,1,0
宁缺毋滥,https://www.douban.com/people/150629409/,2016/9/2,5,2018/12/10,21:45:12,82,和我妈一起看的，我妈看得眼泪哗啦啦的，说她们那个年代的人就是这样的，要读书特别困难，还有那些场景都超像。,5,2
大块冰,https://www.douban.com/people/bingsure/,2012/12/17,5,2018/12/23,10:05:09,66,《芳华》是父母那代人权贵二代们的芳华，《大江大河》才是我们父母这代人自己的芳华呀。,5,2
最爱 😘,https://www.douban.com/people/141964498/,2016/2/15,1,2018/12/25,21:47:02,8,平淡无奇,1,1
tracyus,https://www.douban.com/people/171701731/,2017/12/28,5,2018/12/10,20:31:11,82,天呀，太难过了，宋运辉一家太不容易，好难呀，要实现自己的理想咋这么难呢。喜欢正午的剧。,5,0
长安夜色,https://www.douban.com/people/154643859/,2016/12/4,5,2018/12/12,0:11:02,77,作为一个00后，这个时代是我从来不曾经历的，但是前面短短的两集，让我真正的融入了这个时代，我看到了这个时代的无奈，这个时代下小人物的不易。王凯的演技一如既往的很稳，台词功底很强，第一集前半个小时，宋运辉这个角色在我心里就已经立住了。另外，小期待一下董子健，感觉一定会给我惊喜。还有童谣，是真的很漂亮啊！真的很喜欢姐姐(´ε｀)♡,5,2
倒霉鬼是我,https://www.douban.com/people/184562959/,2018/9/15,5,2018/12/18,9:53:17,79,完全看不到王凯的样子，已经变成了宋运辉了，必须五星好评才对得起这么好的剧,5,0
smart语,https://www.douban.com/people/138538238/,2015/12/3,5,2018/12/10,22:49:43,73,感觉会跟父母爱情一样好看孔导牛逼,5,2
fresh,https://www.douban.com/people/55572921/,2011/10/27,5,2018/12/12,14:01:19,69,全程像在看电影，演员仿佛就是那个年代走出来的，宋运辉挑着扁担在学校大门口仰望，眼里含泪，有些感动。会一直追下去的,5,2
王心果,https://www.douban.com/people/153040432/,2016/10/26,5,2018/12/13,22:34:47,78,正午的剧真的都在标准线水平以上，各种细节都让人可以完全进入那个年代，只有拥有了那种氛围才能更好的看剧体会人物故事的变化发展。王凯的宋运辉不仅从外形上努力贴近，更多是一种少年感，少年的懵懂胆怯执拗倔强，真的表现的特别好！杨烁的雷东宝应该是目前为止最讨喜的角色了，大大咧咧的性格，还有真的蛮会撩哈哈哈，不是那种油腻的撩，是那种傻傻的真诚。童瑶的宋运萍真是白月光了，外柔内刚为了弟弟和家人牺牲了那么多，被追时的少女羞涩也真的演的特别好～其他一众群戏演员也都全员演技在线，正是因为有了这么多优秀的群众演员，才让这部戏更加的大放光彩，在2018的年末，能有一部这样好的献礼剧着实不容易！,5,2
shou_shou,https://www.douban.com/people/152131563/,2016/10/6,5,2018/12/10,21:52:27,71,节奏好快，王凯太瘦了演的真好，最喜欢看厂斗的部分可惜有点少～,5,2
tsubasajin,https://www.douban.com/people/149057528/,2016/8/1,1,2018/12/23,12:40:12,15,看了几集不咋滴很无趣的一部片,1,0
Zzz,https://www.douban.com/people/166180002/,2017/8/30,5,2018/12/19,4:03:51,72,这部剧让我重新定义了王凯的专业功底，谢谢，年度最佳贺岁剧,5,2
平行天下5,https://www.douban.com/people/162398620/,2017/6/11,5,2018/12/10,22:22:35,74,画面精致，人物刻画的深刻；这是除了父母爱情和战长沙之外最打动我的剧！,5,2
大啃,https://www.douban.com/people/kenny_surface/,2008/7/24,1,2018/12/28,16:28:21,0,,1,1
.          静水,https://www.douban.com/people/165031165/,2017/8/8,5,2018/12/11,22:26:07,59,这是一段可悲可叹可气又可喜的时代。风险与机遇并存，败则无翻身之地，胜则开创新的时代。所幸啊，历史终究走向正道。大道直行才是永恒的真理。高考的恢复给国家的经济科技等命脉注入了新鲜的血液，为改革开发、科技研发积蓄了力量。所有的苦难都在这一刻开出了灿烂的花朵。《大江大河》以小人物的沉浮展现了那个时代的生活，当年的那群青年人的激情与“不负时代”的抱负，同样也是现在的我们所不全部具备但又必需的。正如今年某平台20周年所提出的主题一样“大浪逐新，与时代同行”，我们需要与时代保持紧密联系，不断创新，不断进取，实现小我，完成大我。,5,2
红颜劫,https://www.douban.com/people/182681720/,2018/8/10,1,2018/12/18,22:16:24,27,看了两集看不下去，不明白分数这么高，很违和,1,0
大豆,https://www.douban.com/people/2248619/,2008/2/20,4,2018/12/16,9:32:33,65,王凯很厉害目前是唯一一个30好几演18岁就像18岁的,4,0
不会飞的猫,https://www.douban.com/people/114315971/,2014/12/4,5,2018/12/10,20:08:15,89,过去的四十年，这是父辈们的奋斗史，也是整个新中国的奋斗史，从无到有，从有到今天负责任的大国，走在时间的节点上，回首这段波澜壮阔的历史，以小见大，精心拍摄，正午阳光团队的用心与细心，演员王凯细致入微的表演，都让我们沉入到历史特有的魅力当中,5,2
shininglove,https://www.douban.com/people/2849243/,2008/8/25,5,2018/12/12,22:39:39,52,好好做人，好好拍戏！,5,2
宾夕法妮飞天兔,https://www.douban.com/people/162593575/,2017/6/16,5,2018/12/14,13:05:23,67,正午阳光竟然让我爱上了看年代剧～王凯演技一直很稳，属于青年演员里愿意沉淀自己好好拍戏并且不断扩展戏路的。童谣也很棒，目前最心疼的角色就是她演的宋运萍。其他一众配角之前在琅琊榜、伪装者、欢乐颂、鬼吹灯里都看到过身影，感觉好亲切：）2018年剧王无疑了。,5,2
sunny,https://www.douban.com/people/176563328/,2018/4/6,5,2018/12/10,23:28:39,72,正午阳光出品果然不会让人失望，挑选的演员都是实力派，王凯前两集演的少年一点都不违和，看好收视和口碑齐飞，个人觉得王凯能通过这部剧拿大奖。,5,0
美错,https://www.douban.com/people/56221429/,2011/11/21,5,2018/12/10,21:20:03,72,脚踏实地，没有人为拔高，好评。,5,2
芒鞋踏遍青山,https://www.douban.com/people/152477936/,2016/10/14,5,2018/12/10,22:00:11,74,看了两集，剧情节奏紧凑，演员表演极具张力，心绪跟着角色命运起伏，正午黄金班底名不虚传👍,5,2
小跟班1709,https://www.douban.com/people/165564157/,2017/8/18,4,2018/12/10,20:11:09,74,正午阳光的剧，制作真的没话说，选的角色也很符合，年代感超级强。三位男演员也是很帅很有演技的。期待后续的剧情发展。,4,2
青瓷碗里的米呀,https://www.douban.com/people/67350777/,2012/12/18,5,2018/12/11,5:59:36,60,想起我爸也是他们家唯一一个大学生,5,1
我的ABC,https://www.douban.com/people/34011099/,2010/1/28,5,2018/12/11,19:05:23,58,正午这次终于解决了节奏问题，剧本扎实紧凑，置景美工保持了一贯水准，在一堆打着改革开放幌子卖着多角恋的狗头献礼剧里独树一帜，三巨头的设置让人热血沸腾，属于我们的创世纪真的要来了吗？ps剧终补充，王凯成就了宋运辉，宋运辉成就了大江大河。,5,2
茄子😘🐵,https://www.douban.com/people/155433335/,2016/12/23,1,2018/12/27,0:04:04,16,看到32集太气了，小雷家的戏看得烦躁死了，为什么小雷家的人可以讨厌到这种地步！！！宋运辉为啥突然谈恋爱了？？突然撩妹，怎么没有过度的？太气了嘤！,1,0
奶茶不加冰,https://www.douban.com/people/161315399/,2017/5/12,5,2018/12/10,23:25:03,66,好看！王凯童谣演技太好了！,5,2
啊小宇宙,https://www.douban.com/people/151446116/,2016/9/21,5,2018/12/12,10:57:37,65,连着看了四集，缺点是非常明显的缺点就是时长太短，每次才更新两集不够看呀,5,2
羽,https://www.douban.com/people/169520345/,2017/11/12,1,2018/12/14,22:29:44,30,各有各的看法，个人觉得不真实，很多情节有点想当然，当时农村人的形态根本不是这样的好不好？不要用现代人的观点去看那段历史,1,2
肖战,https://www.douban.com/people/152282940/,2016/10/9,5,2018/12/11,1:34:27,68,终于等到你，还好我没放弃，作为《闯关东》脑残粉，总算等来了孔笙又一部让我感兴趣的年代剧。还有，王凯的造型真是又土又丑。但是，我觉得这部剧是最体现他演技的戏了，很多小细节特别动人。没有颜值加成用演技来俘获人心，这是一个真正的演员该有的样子！,5,0
知否？知否？？,https://www.douban.com/people/151726903/,2016/9/28,5,2018/12/12,8:13:19,72,跟着爸爸妈妈一起看的，边看电视边听爸妈讲他们小时候得一些事情，弟弟为了姐姐放弃了高中，姐姐为弟弟放弃了大学，真的太感人了！看着那个年代真的好难过！！王凯瘦了很多，肋骨都出来了，少年感诠释的很好，不是撒娇卖萌，各种小表情很生动形象！童瑶如懿传后就很期待，果然没有让我白期待！杨烁演这个剧真的很和谐！！！期待接下来的剧情！！,5,2
电影课,https://www.douban.com/people/64946359/,2012/9/26,5,2018/12/10,20:49:06,78,“爸，录取通知书到了”这一跪真是跪进了我心里眼泪忍不住飙出来目前来看在原著高水准的基础上又做了更合理的改编牛,5,2
转角微笑810921,https://www.douban.com/people/154932687/,2016/12/11,5,2018/12/10,21:38:42,73,真的好看！小说看了两遍，完全演出了我心的人物。王凯就是宋运辉，宋运辉就是王凯。好演员已经让角色走进了观众内心，期待第二部！,5,2
鸭梨与熊与希贤,https://www.douban.com/people/143268530/,2016/3/15,5,2018/12/13,23:53:10,67,说节奏慢打一星的，请问你们看了吗？这节奏还慢？！我的天要是真按照小说来，估计过两集萍萍都得下线了。当然了，希望改编别这样,5,0
四小姐,https://www.douban.com/people/4052480/,2009/4/23,5,2018/12/23,0:56:23,73,刚看到第六集，不过正午阳光啊，金字招牌。三十好几的王凯啊，那个少年感，瘦的肋骨都出来了，真心拼了。还有姐夫小舅子大PK，王凯看着杨烁那一脸嫌弃，真心好啊。,5,2
子午,https://www.douban.com/people/145239176/,2016/4/30,5,2018/12/10,19:57:15,78,我们今天所有的生活都是从历史深处一步一步辛苦奋斗来的，改革开放一代人的精神是无比宝贵的精神财富。我们在今天很需要那样的精气神，始终保持昂扬向上的激情，每个人都做更好的自己，不怨怼，不泄气，未来一定会更好的。,5,2
黑择明,https://www.douban.com/people/153013537/,2016/10/26,5,2018/12/10,21:49:13,71,没经历过那个年代，却喜欢那个年代的故事和人。宋运辉想上大学，想追寻自己的梦想，那种坚持那种倔强。正午的剧一直这么让人放心，期待宋运辉的成长。一代人有一代人的际遇，有幸生活在一个变革的时代！,5,2
Flipped,https://www.douban.com/people/137161091/,2015/11/5,5,2018/12/18,18:07:22,71,王凯演技不错啊，演什么像什么，刮目相看,5,2
懒狮子圈圈圈,https://www.douban.com/people/73709610/,2013/6/10,5,2018/12/17,23:03:56,56,如果看前几集我可能觉得四星差不多了，看到13集清查小组这块故事的时候我觉得大江大河绝对值五星！三个主演是三个历史进程中的典型，现在还没看到宋和杨的故事，但雷东宝这一块觉得真的很贴近现实。,5,2
红叶,https://www.douban.com/people/184281942/,2018/9/8,5,2018/12/17,16:13:10,72,一连看了四集，真没想到非常好看，故事流畅，尤其是赵医生一点儿也没有欢乐颂里的精英范了，宋运辉无论是气质神态说话，走路吃饭都完全不同的两个人，被王凯圈粉了，这演技神了，以后是王凯的剧我一定不落过，五星好评！,5,2
Shirley,https://www.douban.com/people/185995593/,2018/10/16,5,2018/12/23,16:47:19,78,恶意打低分的，人参攻击演员的，你们不适合看剧🙂快去舔你流量偶像的“盛世美颜”去吧👎👎👎,5,0
sunparky,https://www.douban.com/people/135397417/,2015/10/2,5,2018/12/10,20:18:26,75,本来看了前两集以为这是一部很优秀的电视剧，但是看到后面发现，这部剧是不是有注水的嫌疑，想要看男一宋运辉的成长，结果一直给我看小雷家是怎么失败的。小雷家那条线的演员演技又撑不起剧情，所以感觉这部剧还是有瑕疵的，我就先改为三星吧，抱歉。。。,5,0
未知的自己,https://www.douban.com/people/26278925/,2009/11/22,5,2018/12/10,21:22:13,62,一部适合全家一起看的好剧！尊重历史，不忽悠观众。长辈们可以从中寻找回忆，正在拼搏的一辈的可以从中得到启发，小一辈的可以从中学会珍惜。,5,2
domdom,https://www.douban.com/people/52939481/,2011/7/10,5,2018/12/11,6:34:47,59,正午的剧可以放心食用，用心打磨的正剧，各方面都保持了较高的水准，希望一直保持下去！,5,2
Floria,https://www.douban.com/people/floriacheng/,2009/6/22,3,2018/12/23,19:51:56,15,王凯演什么都是王凯。。,3,0
跟跟,https://www.douban.com/people/104491822/,2014/10/30,5,2018/12/10,22:23:36,64,第一二集情节紧凑，泪点蛮多，演员演技在线，王凯童瑶都年代感满满,5,2
一蓑烟雨,https://www.douban.com/people/177571072/,2018/4/19,5,2018/12/16,12:24:13,70,精品剧，小毛病虽然有，但瑕不掩瑜。不明白那些打一星的就因为觉得王凯显老？47集讲述改革开放十几年的跨度还嫌拖沓？还有不解释的！还有嫌恶心的（究竟哪儿恶心也没说）……就因为这些牵强的理由就打一星，那这些人还是去看偶像剧吧，这剧不适合他们。,5,0
高兴,https://www.douban.com/people/153765839/,2016/11/13,5,2018/12/10,23:18:06,72,王凯真是厉害，宋运辉就是一个青涩的倔强少年。,5,0
木三的滚滚,https://www.douban.com/people/156403219/,2017/1/14,5,2018/12/10,20:54:27,67,剧情紧凑前两集哭成狗当时的那一代真的好辛苦上个大学太难了细节很到位我小辉背心上的盐渍二叔手里的哨子不仔细看真的看不出来金州厂斗太精彩了智商好像都不够用了,5,2
滴答-滴-,https://www.douban.com/people/158826489/,2017/3/9,5,2018/12/10,22:25:58,64,了解历史的一部好剧。演员们都很在状态啊！,5,2
红狐羚,https://www.douban.com/people/136438626/,2015/10/22,2,2018/12/16,8:14:28,25,捧得太高了，实在一般，叫好的部分与其他献礼剧叙述无差别，全部顺溜滑，鬼也知道部部如此。现在还加个奇葩婆媳关系，烂扯一气。本来2分，拖沓，老套没新意，减1分平抑一下。,2,0
豆友185364338,https://www.douban.com/people/185364338/,2018/10/3,1,2018/12/29,17:53:31,8,给一星都多了,1,0
大萝卜,https://www.douban.com/people/153021307/,2016/10/26,5,2018/12/16,16:12:30,67,王凯不是再演宋运辉，他就是宋运辉，给人的感觉非常的舒服自然，以前的角色没有给王凯足够的发展空间，这是一个被低估得演员，希望能够多一些这样的善于钻研角色，又努力的好演员，多给好演员一些机会！,5,2
毛绒绒的蓉8,https://www.douban.com/people/151647522/,2016/9/26,5,2018/12/10,20:26:43,83,跟爸妈一起看大江大河开播，看到宋运辉考上大学，镇上却不给送材料，我妈说这人真坏，我说这样的坏人，什么年代都有[微笑]！！！这部剧是真好，能和爸妈一起看，讨论！,5,2
life-day,https://www.douban.com/people/138222860/,2015/11/27,5,2018/12/10,23:35:42,66,我凯凯瘦的穿着衣服都能看着瘦骨嶙峋，情绪太到位了。童瑶也很好，期待后面的,5,2
一夏天的风,https://www.douban.com/people/92808427/,2014/7/13,5,2018/12/10,21:43:06,68,太好看了吧也！整个画面好有电影感啊！小辉一哭我也跟着难过得喘不上气来，都忘了那是王凯了。姐姐完全是个白月光啊！！在时代背景下失去了上大学的机会，好心痛呜呜呜呜。,5,2
懒人的哲学,https://www.douban.com/people/162984756/,2017/6/25,5,2018/12/12,21:54:37,61,家里老爷子给我打电话非要我给这剧打满分，说他在手机上看到评分觉得低了，自己好不容易有一部可以回忆青葱岁月的剧，必须满分,5,2
登,https://www.douban.com/people/169994050/,2017/11/22,5,2018/12/12,9:00:52,72,给王凯点赞，演技直线上升。,5,2
蓝蓝李,https://www.douban.com/people/154753955/,2016/12/7,2,2018/12/26,21:09:51,7,改革开放以来发展最快的就是追星文化,2,2
熊扑奶团、,https://www.douban.com/people/173677008/,2018/2/7,4,2018/12/10,22:40:15,58,正午阳光的剧一直都不错，节奏很好，质感也让人满意，超级喜欢王凯！,4,2
琰琰酥,https://www.douban.com/people/yys0810/,2016/10/25,5,2018/12/10,21:14:30,76,王凯就是宋运辉本辉了吧，站在阳光底下，倔强背着人民日报的少年，赚了我好多眼泪。,5,2
Jacob5959,https://www.douban.com/people/154219694/,2016/11/23,5,2018/12/10,20:48:00,64,好剧！好久没在小荧幕上看到这么良心的主旋律电视剧了！,5,2
俺稀罕你,https://www.douban.com/people/151679954/,2016/9/26,5,2018/12/22,2:13:06,68,金州戏份越来越精彩了，三只老狐狸和一只小白兔，小白兔和小豹子，小白兔和三叔，这些人的对手戏都太有看头了！另外王凯是什么神仙演技啊，心跟着他一颤一颤的，心疼宋运辉，好孩子赶紧强大起来吧！,5,2
心火,https://www.douban.com/people/152433875/,2016/10/13,5,2018/12/10,23:10:39,63,王凯一出场就惊艳我了，自如懿传后几个月的空窗期终于有了新动力。,5,2
老于,https://www.douban.com/people/159947416/,2017/4/5,5,2018/12/10,20:32:26,70,都是实力派演员，是用心的作品，真的很难得,5,2
abcabc123,https://www.douban.com/people/115889359/,2014/12/23,5,2018/12/16,21:25:31,72,今晚这12，13集质量太高。人心真实。直接满分不接受反驳。,5,2
乔帮主,https://www.douban.com/people/63962024/,2012/8/18,1,2018/12/28,16:31:24,8,太难看了！！浪费kkw颜值,1,0
新西兰的鲨鱼,https://www.douban.com/people/169402288/,2017/11/9,5,2018/12/11,6:08:15,56,作为讲述改革开放的年代大剧，我们可以在里面找找自己的身影，忆青春，也可以带小朋友一起看看，让他们了解、知道一下父辈们的艰辛和不容易，让他们珍惜当下，把我们民族的拼搏奋斗精神一代一代地传承下去。十分期待！希望有更多这样有益的、能留下来的好作品,5,2
八圈,https://www.douban.com/people/cuddle/,2006/2/16,1,2018/12/24,18:48:22,12,看了一集中的前二十分钟。果断关掉。太可怕了，这种四十岁装娇羞的嘟嘴表情王凯你是怎么做出来的。这些演员每句对话都是装腔作势地假啊天哪。,1,0
杨紫,https://www.douban.com/people/153418128/,2016/11/4,5,2018/12/17,18:29:57,71,王凯还是个可塑性很强的演员，和知青里的齐勇相比，相近一个时代的电视剧，对角色的演绎还是不一样的。在这里，他是一个固执又有点腼腆的书生，手搓搓的样子还是挺羞涩的。只是杨烁喊不出来的低音炮，真替他着急。,5,2
天天,https://www.douban.com/people/166231907/,2017/9/1,5,2018/12/10,21:28:41,71,有一种倔强叫宋运辉的倔强，有一种感动是被宋运辉的倔强感动！王凯演的太好了！哭得稀里哗啦！今天的1.2集应该让全国的高中生初中生们看一下，能有上高中读书是多么得之不易，能有上大学的机会是多么幸福！为了能有上大学资格在太阳下倔强背人民日报社论1000遍，让所有人感动。,5,2
辰枢巷,https://www.douban.com/people/csx18367964289/,2015/5/16,1,2018/12/29,14:30:03,11,我也想说句实话,1,0
昊月明霜,https://www.douban.com/people/56854961/,2011/12/9,5,2018/12/15,9:31:06,75,打一两星的什么心态，国产剧难得有良心的不多,5,0
10125号年年,https://www.douban.com/people/148058988/,2016/7/8,3,2018/12/11,15:44:46,34,开头平淡得如白开水，毫无波澜!根本看不出是啥史诗佳片，杨烁一贯的沙哑嗓大碴子味，宋家腾和老猢狲倒是为数不多演个坏水一如既往的在线的,3,0
未熄,https://www.douban.com/people/158838372/,2017/3/9,5,2018/12/10,21:38:43,71,今天看了头2集，非常精彩，节奏紧凑，真实的反映了当时的现实，王凯演技真是了得，演活了一个贫困家庭的单纯书呆子。他本人的英俊潇洒洋气荡然无存。大赞大赞,5,2
恒之,https://www.douban.com/people/143099342/,2016/3/11,5,2018/12/12,3:46:14,55,满分满分，这才是电视剧，农村是这样的，家庭是这样的，大家的思想是这样的，后面还没演到，真的太太太好看，,5,2
沐鱼,https://www.douban.com/people/179858660/,2018/6/13,5,2018/12/12,23:03:25,59,大江大河真的好看，虽然是献礼剧但是却不沉闷，有大时代背景的恢宏，也有小家庭的温情，小雷家那几个活宝太好玩儿了，宋家姐弟又太美好了。小辉的几个室友也好玩儿，有泪点有笑点，细节完美，节奏快，画面美，不能不吹！！！！,5,2
妄想者的恰恰,https://www.douban.com/people/162113673/,2017/6/3,5,2018/12/11,2:01:30,66,很担心很揪心。但王凯的演绎确实超出了年龄的界限，造型、表演甚至让人忘记演员本身。以往角色大多是光明磊落，意气风发，这次却突破成一个畏畏缩缩却倔强的让人心疼的少年。大河汤汤，初心不忘。来之不易，致敬那个变革的年代,5,2
wjyijdiuyep,https://www.douban.com/people/154629064/,2016/12/4,5,2018/12/14,16:57:25,68,确实是一部好剧！王凯的宋运辉让我记住了宋运辉，忘了王凯，真一人千面！,5,2
咖喱鸡饭,https://www.douban.com/people/178325187/,2018/5/6,2,2018/12/11,20:56:34,36,节奏慢，不是剧情上的慢，我知道书里描写的篇幅很多，但是主人公的对话有些啰嗦，有很多不必要还尴尬的台词和情节。小包总杨烁的声音总让我出戏，演技很一般了。演员们过于往年代戏上靠，用力表现的自然，倒是显得不自然了。,2,0
神秘河流,https://www.douban.com/people/160104492/,2017/4/9,5,2018/12/13,13:59:05,64,今年的电视剧就靠他挽尊了，王凯的演技真的越来越好了，自然而然，他就是宋运辉,5,2
無邪気火炭麗綺,https://www.douban.com/people/ZettonToHana/,2011/2/17,2,2018/12/27,11:50:17,5,剧情是好剧情导演也是好导演但是就是摆脱不了中国正义雷锋式主角的套路太多这种剧人是很容易道德脆弱的微博上整天骂明星出轨夜店吸烟的网友应该就是这么长大的太讨厌了太太太讨厌了国产剧观众太可怜了,2,0
早晚要去旅行,https://www.douban.com/people/143360999/,2016/3/17,5,2018/12/10,21:53:42,52,年度最期待，那个年代很普通的一件事都如此揪心～,5,1
不断上升的电梯,https://www.douban.com/people/153840142/,2016/11/15,5,2018/12/10,20:16:38,72,讲改革开放后各人物命运，原以为任务剧不会好看，没想到还不错，正午阳光制作用心，演员演技到位，有笑点有泪点，节奏快不注水，继续追,5,2
lxyjsyzghysy,https://www.douban.com/people/160688157/,2017/4/25,5,2018/12/18,18:24:30,59,考试月也不能阻挡我追剧，王凯真的很惊喜了，当初琅琊榜就很喜欢他，没想到演少年丝毫不违和！惊喜！羡慕死有大叔二叔那样的室友了，童瑶演技也不错呀，把那个年代女孩子的质朴演的很生动，总之很喜欢啦，期待后面杨巡戏份变多，会继续追的！,5,2
八目妖兽,https://www.douban.com/people/185201809/,2018/9/30,5,2018/12/12,2:04:26,52,需要细细品味，也要对当时的时代背景有大致的了解，越到后期越有意思，我想这应该是给成年人看的剧吧！总体很不错，看了四集了，五星先给着，演员都不错，姐弟两演技好评,5,2
吃饱闲的,https://www.douban.com/people/152969516/,2016/10/25,5,2018/12/10,22:40:27,51,拍得很真实的电视剧了,5,2
tagakiw,https://www.douban.com/people/152703753/,2016/10/19,5,2018/12/10,21:20:21,64,节奏很快剧里增加了戏剧冲突看点多了王凯童谣演得太好了王凯真的是书里走出来的宋运辉演十八岁的少年毫无违和感,5,2
乔木依依,https://www.douban.com/people/177211713/,2018/4/12,2,2018/12/25,22:22:47,8,就是9.0分也救不了无聊的剧情，为什么这么高的分却不是一部值得期待的剧，迷茫,2,2
那一抹抹茶,https://www.douban.com/people/166483048/,2017/9/7,5,2018/12/23,23:43:09,64,剧情过半了，终于可以安心的打个五分了，良心剧本年度最佳电视剧。为制作团队优秀的演员打call。,5,2
多学多看,https://www.douban.com/people/149691542/,2016/8/13,5,2018/12/12,2:23:31,51,其实不必多说，关键就是好看，能让像我一样的观众带入角色，去关注他们的人生，去了解那个充满激情的年代。,5,2
青梅遐迩,https://www.douban.com/people/71837063/,2013/4/29,5,2018/12/23,1:22:42,65,超级好看超级喜欢。精彩的表现，演技越来越棒的王凯，原汁原味地呈现出当时的状态。百分百还原了小说的本质和情感。,5,2
Lind Wang,https://www.douban.com/people/gogowa/,2010/7/27,3,2018/12/23,21:20:29,8,先不论改变的怎么样，就说让金晨来扮演梁思申，我就不想看了，原著的梁思申是我最喜欢的一个人物，骄傲、锋利、精明，这些特点和金晨相差实在太大了。,3,0
迈瑞德曼,https://www.douban.com/people/149620915/,2016/8/11,5,2018/12/19,23:15:41,72,别怪本人嘴损，很多年轻人不适合看此剧，因为他们会缺乏代入感而去吹毛求疵剧情，过来人告诉你们，剧情一点不夸张反而谨慎了很多，现实里的更狗血！除此这几个演员选的很好，人物性格拿捏的很准，演技不错。值得一提的是很多群演也不错，看着不生硬，还原感很强！,5,2
烟火旭日,https://www.douban.com/people/65586955/,2012/10/22,2,2018/12/17,14:13:43,19,演的太假,2,0
小杨树,https://www.douban.com/people/yjhxiaoyangshu/,2017/5/17,2,2018/12/19,21:38:30,14,前面不错，越演越水了。,2,2
本君很帅,https://www.douban.com/people/2518956/,2008/5/24,5,2018/12/10,20:44:52,67,每次看清末以后的年代剧，历史剧都觉得很沉重，历史书上没几页，真实过程中的人却是经历了漫长的岁月煎熬。这也许就是优秀的影视作品的厉害之处，能让人置身其中，切身体会他们的悲喜。还好只有1.2集虐。今天结束5分不改了！,5,2
云行雨施,https://www.douban.com/people/26143149/,2009/11/21,5,2018/12/19,22:54:07,56,还原那个朝气蓬勃的时代，看看人家小宋，白天下基层晚上泡图书馆，谦逊努力，认真踏实，他不成功谁成功？连瘫在沙发上的我也受鼓舞，忍不住爬起来翻几页书了……好作品果然具有激励人心的力量啊！,5,2
人群中的那只鬼,https://www.douban.com/people/47291246/,2010/11/10,1,2018/12/23,0:35:16,12,中国剧好不好，听两句台词全明了,1,1
橘子凉了🍁,https://www.douban.com/people/53682621/,2011/8/10,5,2018/12/17,23:04:24,49,一部从开拍就关注的剧，超级喜欢的小说被靠谱的团队拍摄，真是一件幸事。主角配角个个出彩，后边厂斗开始了，感觉越来越精彩了,5,2
田老师,https://www.douban.com/people/60115450/,2012/4/6,1,2018/12/28,0:56:27,6,8.9的评分真的很高，但看了7集，放弃了。可能是不太喜欢这种题材，或者拍摄的手法不是我喜欢的，更或者是我不是那个年代的同志，完全没能投身融入进去。剧情的演员有年轻时黄晓明和章子怡的影子。个人不喜欢，故不推荐，1星。谨献给那个年代的人。,1,0
北国曦南,https://www.douban.com/people/153143193/,2016/10/29,5,2018/12/12,22:25:52,53,这剧给我的感觉很真。真诚的态度，真心的表达，真好的故事。那个时代有痛苦，也有斗志昂扬；有不甘，更有奋发而上；有种种掣肘，更有打不倒。平和叙事中见真感情，理解过去，激励当下。大江大河，正如它的名字一般，必将势不可挡！,5,2
奇异果,https://www.douban.com/people/148781789/,2016/7/25,1,2018/12/26,1:31:38,10,不好看！被阉割的剧情，被阉割的人物，还有演谁都一样的比被阄割过更惨不忍睹的演技，全剧也只有童谣，杨立新还可以看看。,1,0
iris,https://www.douban.com/people/153920628/,2016/11/17,5,2018/12/10,23:53:05,61,看了一二集，节奏太舒服了，不愧是孔笙导演，值五颗星，但是先四星观望一下，王凯和他爸演得太好了，可以确定五星了，今天姐姐出嫁，把我感动了，小辉以后就是个真正的大人了。,5,2
阿诶克斯歪QAQ,https://www.douban.com/people/163189009/,2017/7/1,5,2018/12/13,22:14:42,56,宋运辉技能：学霸死倔背报纸！宋运萍技能：写信贤惠长毛兔！雷东宝技能：撩妹吹牛我赔你？梁思申技能：瞪眼撅嘴我不怕！大江大河技能：剧情节奏都最佳！哈哈哈~难得的认真讲故事，珍惜吧~,5,2
哈哈,https://www.douban.com/people/157490947/,2017/2/7,1,2018/12/28,21:49:31,15,一星送给全局面瘫脸的王凯，不懂你们说他演的好，哪里好？,1,0
小农夫,https://www.douban.com/people/xiaonongfu/,2012/5/1,3,2018/12/19,22:06:15,10,说实话分数有点偏高。,3,0
天天宝贝,https://www.douban.com/people/177189007/,2018/4/11,5,2018/12/13,13:27:55,57,年代剧真实感人入心，演员演技在线代入感强，剧情不拖沓吸引人，小雷村的那一伙光棍搞笑。为主演王凯、童谣、杨烁打call，36岁的王凯演出了19岁毛头小子满满的少年感，童谣温柔善良的姐姐形象深入人心，杨烁带领一伙光棍致富，过程中很多笑点演绎精彩，好剧会一直追下去。,5,2
上杉夏香,https://www.douban.com/people/146940012/,2016/6/11,5,2018/12/16,22:42:57,53,前两集节奏不错五星观望演员造型和气质都挺符合时代形象的王凯黑黑瘦瘦穿个背心真的很像农村男青年哈哈哈哈孔笙导演团队打造的作品果然优秀追了,5,2
Seven,https://www.douban.com/people/162601534/,2017/6/16,1,2018/12/27,21:21:05,6,这能瞎编,1,1
一个小雪球,https://www.douban.com/people/163025535/,2017/6/26,5,2018/12/11,21:09:27,55,看了两集台词不尬道具用心演员演的也特别棒看到了国产剧的希望！希望后面剧情不要垮啊啊啊！还有王凯演宋运辉真的太合适了！,5,2
许槿晨,https://www.douban.com/people/175414692/,2018/3/15,5,2018/12/13,22:24:40,66,为了演好宋运辉，王凯暴瘦了许多，颧骨下颔骨都感觉要嘞出来了。前两集把一个渴望知识追求的农村少年演绎的非常成功。期待了很久的正午出品，果然不失所望!,5,2
梦醒大荒,https://www.douban.com/people/158735763/,2017/3/7,5,2018/12/14,18:04:35,59,两集就把姐弟俩上大学的过程完成，镜头的过渡也不生硬，尤其王凯的演技，把宋运辉的胆怯和犟劲表现的特别好,5,2
梁与和,https://www.douban.com/people/154866047/,2016/12/10,3,2018/12/27,11:50:23,8,王凯这演技就不要吹了。。。,3,0
艾小米,https://www.douban.com/people/147586155/,2016/6/27,5,2018/12/10,22:31:19,52,看了两集，又笑又哭，我可能是疯了吧😂,5,0
uii,https://www.douban.com/people/57911311/,2012/1/19,5,2019/1/19,0:54:32,48,第二集末尾，几个室友在聊十一届三中全会的情景，有点像毛泽东当年和他的蔡和森等同学在屋内谈中国向何处去。一代又一代，还是要多听听年轻人的声音，老了容易偏见。,5,2
梅梅梅子,https://www.douban.com/people/165528629/,2017/8/17,5,2018/12/12,23:04:34,57,小董啥时候出来王凯演的不错和琅琊榜里的靖王判若两人,5,2
王涛,https://www.douban.com/people/171728267/,2017/12/29,5,2018/12/11,23:38:31,57,好看好看，前两集太伤心了吧，，王凯童谣演技都挺好，,5,2
呦弧,https://www.douban.com/people/179600840/,2018/6/7,2,2018/12/25,23:47:05,9,节奏也太慢了，看不下去了，男主尬演18岁。,2,0
capmew,https://www.douban.com/people/136340140/,2015/10/20,5,2018/12/27,22:15:27,61,王凯演得太好了，我这个社会蛀虫热泪盈眶又惭愧。,5,2
小鱼🐟,https://www.douban.com/people/162950900/,2017/6/24,1,2018/12/26,8:59:31,10,啥玩意？？😶不好意思我老师同学今天还在吐槽的烂片。。。。还能有更低的分吗？？主演演技low爆，就那么几个实力派撑起全剧。。。,1,1
ivy,https://www.douban.com/people/71627412/,2013/4/24,5,2018/12/12,13:55:22,46,看过两集以后五星预定！！太爱这种制作精良情感又毫不做作的年代剧了！,5,2
杨余欢,https://www.douban.com/people/3698752/,2009/2/24,5,2018/12/13,12:58:09,56,我作为原著粉，看到王凯背社论，眼泪都掉下来了，还原的非常好，人物极其贴近角色，都放下了偶像包袱，把那个时代的小人物演的太好了。中年的宋运辉有时会感觉不那么可爱了，会有他的官僚作风，但是我重温王凯演的这几集，我就理解张爱玲的话：如果你认识从前的我，也许你会原谅现在的我。,5,2
余安,https://www.douban.com/people/161631364/,2017/5/21,3,2018/12/28,15:28:43,7,主角这不是开金手指，这完全是在批发金手指。故事情节很单薄,3,0
给你我的小心心,https://www.douban.com/people/83700415/,2014/2/16,5,2018/12/12,22:17:19,56,么想到第一集就给我看泪目了。宋运辉太可怜了吧，一下想起了我那个高考了好几年的叔叔。王凯出乎意料的好，他的少年感不是涂脂抹粉的，而是真正的深入了宋运辉的灵魂，土土的、皱皱的但站在那就是个农村养猪少年。,5,2
金帛,https://www.douban.com/people/149728202/,2016/8/13,5,2018/12/10,20:43:53,60,完成度特别高可以说是很棒了没辜负一年的等待超赞,5,2
老白家的傻儿子,https://www.douban.com/people/150132170/,2016/8/22,5,2018/12/10,19:55:55,59,期待一年，终于来了。原著小说大气磅礴，讲述改开二十年的风起云涌。选角大多合适，王凯抛开斯文正气去演凤凰男宋运辉，杨烁挑战粗犷人设雷东宝，童瑶也非常合适温婉悲情宋运萍，配角也都不错。片花看了好几遍，剧情还原度很高。布景道具非常用心，小雷家大队、金州工厂、扬子街电器市场都很还原，导演孔笙有保证。不尽狂澜走沧海，一拳天与压潮头，非常好看。,5,2
满溪流水香,https://www.douban.com/people/161791921/,2017/5/26,5,2018/12/11,9:09:56,50,第一集就扣人心弦，画面优美，画质精良，服化道真实，演员的演绎传神，太棒了。期待这部剧很久了，获得五个一工程奖的精彩原著，踏踏实实精益求精的正午阳光制作团队，好编剧，好导演，演讲派演员高配置。期待这部描述改革开放激荡年代的现实题材大剧,5,2
木人,https://www.douban.com/people/148828194/,2016/7/26,5,2018/12/10,23:24:44,51,刚看完两集，可以提前给五星了太棒了这部剧，坚持追下去！,5,2
诚总,https://www.douban.com/people/166584452/,2017/9/10,5,2018/12/12,17:01:56,52,哇，这部剧的质量给一星的昧良心了吧。就算题材不喜欢，单看制作水平也最少值得三星啊，而且正午改掉了以往节奏拖沓的毛病，前四集把握的节奏很好啊，杨烁的雷东宝一点也不油腻，特别适合他的气质，非常出彩~宋运辉到目前为止还是学生，得看后面发展~冲着正午的良心之作，给5星,5,2
海绵宝宝小迪,https://www.douban.com/people/wd823/,2008/4/18,5,2018/12/19,22:15:07,52,刚开始看的时候：王凯36了演19岁大学生？？童谣那么白嫩哪里像那个年代的农村女孩子？？杨烁怎么演这种角色都这么油腻，长得还老！……现在一口气看了十几集：王凯简直就是那个时代的知识青年！萍萍怎么这么好啊啊啊啊啊，完美姐姐完美妻子！天哪东宝也太爷们儿了，想嫁！…,5,0
陌陌,https://www.douban.com/people/188610284/,2018/12/13,1,2018/12/27,22:12:03,9,男主角好丑。,1,1
Happy,https://www.douban.com/people/171567551/,2017/12/25,5,2018/12/10,20:40:37,57,哭的我稀里哗啦，姐姐太可怜，小灰好倔强，这部剧好看，追定了！,5,0
我是阿蒙,https://www.douban.com/people/173555701/,2018/2/5,5,2018/12/17,18:17:40,54,我几乎是怀着虔诚的心情看《大江大河》。那个孱弱又倔强的站在烈日下，一遍一遍背着社论，叫小辉的孩子，那种对上大学近乎疯狂的执念，深深地刺痛和感动了我。一个国家的进步尤其体现在它对知识、对知识分子的尊重程度。希望我们永远记得。加油，小辉！,5,2
梦醉西楼,https://www.douban.com/people/150551359/,2016/8/31,1,2018/12/27,14:43:40,4,难看矫情,1,0
阿妩,https://www.douban.com/people/sundy612sz/,2017/8/5,5,2018/12/13,20:58:25,58,太太太……太好看了吧，山影真的是我的白月光啊！王凯在这部剧依然展现自己的超强水准，剧情娓娓道来却又不显枯燥乏味和故作呻吟，18年实在没什么特别好的剧了！所以墙裂安利！,5,2
十万,https://www.douban.com/people/148861839/,2016/7/27,5,2018/12/20,0:33:46,54,作为一个农村长大的95后看到太多熟悉的场景，没有可以挑刺的地方，每一个农村人的形象都刻画的丝丝入扣，他们刻薄、无知、目光短浅、但也踏实能干。他们的人情世故往往是其他剧容易忽视或者刻画过分的，但是《大江大河》注意到了而且分寸拿捏的很好。,5,2
李子栗子荔子梨,https://www.douban.com/people/59710236/,2012/3/22,5,2018/12/16,22:14:32,55,圈粉王凯！,5,1
那年夏天宁静的,https://www.douban.com/people/137634234/,2015/11/14,5,2018/12/17,2:58:46,53,开局剧情画质都很给力，希望后面继续有力，不要烂尾。正午阳光真的牛啊，王凯真的很赞呐。,5,2
绿芽芽,https://www.douban.com/people/172328086/,2018/1/9,5,2018/12/12,22:24:15,50,刚看了两集，演员的演技、布景各方面都不错，品质很高。不过，个人觉得这部剧最成功的一点在于促进了家庭和谐，已经听父母聊了一晚上他们那时候了，平时他们都很少话的，以往我们白天上班，晚上坐在一起都没什么聊的，现在可以聊剧里的衣服、工资、政策，考大学、攒公分……为了这也要追下去了，父母很高兴，很喜欢😊。看过六集之后发现大江大河的节奏很快呀，情节紧凑，很抓人，这次孔导的节奏把握的更好了，会一直追下去的。,5,2
安字,https://www.douban.com/people/149167927/,2016/8/3,5,2018/12/13,21:42:09,56,真香了，本来觉得题材不会看的。正午团队和孔笙导演确实靠谱，剧情节奏画面等等各方面都喜欢。主次人物都塑造的很好，凯凯王的小辉太萌了！,5,2
航,https://www.douban.com/people/163081334/,2017/6/28,5,2018/12/24,0:00:10,54,拿它跟与他差不多内容的《平凡的世界》《历史转折中的邓小平》比较，它减少了对国家重大决策剖析的严肃性，增加了很多故事性的元素，又能准确的抓住人们生活的细节，特别是剧中的道具，真实，让人感觉就是处于那个年代，年底了，终于憋不住放大招了，这么优秀的电视剧为什么不早点拿出来。应该组织某baby，某丽颖，某幂集体观看，这才叫电视剧，不会拍的照这个拍，不会演的照这个演,5,2
嘉嘉酱,https://www.douban.com/people/161417580/,2017/5/15,5,2018/12/24,15:22:34,62,太厉害了！！！一口气看了五集，王凯演的太牛了！！正午阳光牛逼！！,5,0
鳐来逛逛,https://www.douban.com/people/131825878/,2015/7/21,4,2018/12/23,13:21:07,61,眼睛哭肿了！王凯真的是演什么像什么,4,0
Miss Panda,https://www.douban.com/people/37149305/,2010/3/17,5,2018/12/10,20:40:59,61,看了两集，是我想象中的宋运辉。童谣也演的不错。两人不知道是不是刻意减过肥，和那时人的形象很贴合，入戏很快。。。希望剧情能一直在线，不辜负耐总的好书。,5,2
卡住牙,https://www.douban.com/people/151531592/,2016/9/23,5,2018/12/10,22:52:09,55,第一集开始老妈就在旁边念叨她们那会子就这样那样的，有些家庭成份不好的，几个娃都考上了大学，最终一个都上不了，剧里小辉最终能上大学运气已经很好了。确实是能引起父母一辈共鸣的好剧，当小辉接到大学录取通知书那一刻真的泪目了，会继续追的。,5,2
水中小鱼,https://www.douban.com/people/155323350/,2016/12/21,5,2018/12/10,23:39:58,48,哇，头两集就这么精彩，好几地方看的泪目了，全员演技在线，期待后面的剧情发展,5,2
云间呐,https://www.douban.com/people/146369636/,2016/5/28,5,2018/12/15,21:35:18,57,【国内年度最佳预定】好久不见kkw，果然他还是最适合正剧，尤其是孔导的正剧。,5,2
SHIMILYEMUH,https://www.douban.com/people/104535482/,2014/10/31,5,2018/12/13,1:52:23,64,大晚上的把我看的太感动了，一直以为王凯的演技已经够好了，没想到他还能再进一步，演员真的是一个奇妙的职业，总是有无限种可能。,5,2
丑丑,https://www.douban.com/people/142248249/,2016/2/21,5,2018/12/11,12:46:37,53,王凯台词功底也太好了吧！演技在线，一度被凯凯王感动到了，目前来看剧情还算紧凑不拖泥带水！更新:现在追的停不下来了！喜欢王凯，好演员！,5,2
蹄蹄123,https://www.douban.com/people/88181388/,2014/5/1,5,2018/12/27,22:14:22,57,很棒，其实一开始王凯出场还没认出来,5,2
君子如玉,https://www.douban.com/people/83640956/,2014/2/15,5,2018/12/10,20:15:52,67,就是能做到一个热水瓶胆都是那个年代的记忆，王凯为剧瘦成肋骨根根，代入感简直了,5,2
蓝桥春雪,https://www.douban.com/people/104446902/,2014/10/30,5,2018/12/19,21:54:58,45,真心是良心剧，无一处短板，看了快二十集，最爱姐姐和小灰灰，明天姐姐就要去世了，难过……小灰灰厂斗也是辛苦了……比一般号称权谋剧的内在还精彩,5,2
隔壁老张,https://www.douban.com/people/124856921/,2015/4/8,5,2018/12/24,18:08:05,62,王凯的演技不得了了,5,2
SUNFLOWER,https://www.douban.com/people/173296039/,2018/1/30,5,2018/12/19,14:42:06,50,其实我不太知道怎样评价一部剧，但让没经历过那个年代的我都能看的津津有味，这绝对是一部好剧了。正午的剧无论从主角到配角，从主线到支线，都精细而吸睛，注重细节，又兼顾整体。现在的剧情开始进入金州工厂，节奏也明快了很多，这让我更期待之后的剧情了。值得一提的是这部剧的演员都很棒，每个都很符合人物性格特点，而其中我最喜欢王凯那种润物细无声的演法。,5,2
芒果果果果,https://www.douban.com/people/159510923/,2017/3/25,5,2018/12/23,18:43:43,59,好看太好看了，天天在家追更新，演员都演得好，特别是王凯啊吹爆他！！！,5,2
一颗孤独精,https://www.douban.com/people/158466424/,2017/3/1,5,2018/12/12,19:30:55,59,期待很久了，终于播了，超级好看鸭，很有电影的质感，而且很真实，细节都处理的好。还有王凯的少年气哈哈哈真的和现实很不一样，演的也太可爱了吧，招人疼😍😍😍很好看啊这部剧，超喜欢,5,2
莫锦楠,https://www.douban.com/people/170715026/,2017/12/7,1,2018/12/20,22:57:09,17,本来准备看完给五星的，结果把姐姐给写死了，弃剧了，真心不想看了，导演有毛病吧？,1,0
七月染,https://www.douban.com/people/171492403/,2017/12/24,5,2018/12/20,0:30:35,53,mmp，太真实了。戴着枷锁跳舞依然跳得很棒。三个人物的演技都很好。有点虐杀《平凡的世界》的意味。对官僚阶层的反映贴近了时代。生长在大江大河的人们啊，戴着枷锁在人世间浑浑噩噩活了几十载，愚昧啊无知啊信仰啊愤怒啊，都抵不过江河赋予的坚韧的底蕴。大江东去浪淘尽，千古风流人物。我们一路向前，都是为了旧貌换新颜。正午阳光，牛逼！,5,2
啊哈哈哈哈哈,https://www.douban.com/people/180192465/,2018/6/22,5,2018/12/13,10:12:08,56,真的特别好看，我不知道那些打一星的有没有看过剧，这种水平的电视剧如果还打一分的话，那真的有点丧良心了。,5,0
有思想的流氓,https://www.douban.com/people/142406248/,2016/2/24,3,2018/12/19,16:28:34,10,我们对自己的电视剧还是太呵护了。,3,0
eleven,https://www.douban.com/people/2679120/,2008/7/8,5,2018/12/24,6:36:29,60,金州化工厂的戏份好好看啊~~~,5,2
不是青苔,https://www.douban.com/people/68618706/,2013/1/30,2,2018/12/20,1:04:46,8,有人数过第一集里人民日报发表社论这句台词一共出现了几十次吗？,2,0
Owen0423,https://www.douban.com/people/154743372/,2016/12/7,5,2018/12/17,15:07:31,55,王凯演的宋运辉形神兼备，剧情也真实戳人，太好看了,5,2
hi 超超,https://www.douban.com/people/155426049/,2016/12/23,5,2018/12/14,11:32:27,50,本来还担心这种主旋律剧会节奏慢，会枯燥，甚至开始有点排斥。看了以后，感觉啪啪打脸，真的很好看，有种娓娓道来的feel，群戏很好，也很有趣，每个人物形象都很饱满，五星好评！看来国产还是有好剧的！ps：打一星的那些人是什么操作，很好奇在这些人眼里什么剧会是五颗星呢，费解！,5,2
X,https://www.douban.com/people/158679347/,2017/3/5,5,2018/12/21,22:11:51,49,演员，编剧，场景布置都很好，节奏把握也很好。我都没认出王凯,5,2
人美心善马小燕,https://www.douban.com/people/164793685/,2017/8/4,5,2018/12/26,3:58:54,52,我前三集哭完了半包餐巾纸结果第四集又笑抽了。。。。正午阳光的剧别的不说品质是真的放心。。看了一下一星烂剧都在骂剧情骂演员演技骂服装骂细节。。。。这一部只能跟你讲主题不行节奏不适合我然后骂主角丑?一星看了看都和电视剧无关麻烦给一星的也给点理由或者证据表明自己看过啊....点进去一看全是男主演的黑粉emmmm,5,0
浅眠1夜,https://www.douban.com/people/75411320/,2013/7/17,5,2018/12/22,15:33:34,59,今年看的唯一一部国产剧。王凯很好。,5,2
Eudemonia ,https://www.douban.com/people/gasing/,2008/10/25,5,2018/12/11,22:18:42,38,看了四集，越来越好看。原著情节很丰富，剧本里细化了很多，改编的很好。第一集关于上大学的问题，姐姐让我看哭好几次。王凯那小身板瘦的肋骨都出来了，真真面黄肌瘦，太像那个时代的人了。今天小雷家的剧情特别好笑，不知道从哪儿找的这么多懒汉。,5,2
青菜豆腐水煮鱼,https://www.douban.com/people/86808487/,2014/4/9,5,2018/12/27,13:30:45,54,没想到献礼剧能拍这么好看，从十二三级徐县长和宫书记的明争暗斗那里剧情简直飞升式好看。不过姐姐下线之后小雷家的戏份开始拖沓了，不如金州厂那条线有意思。我好爱金州厂的戏！！！看这部剧真的能感受到时代洪流又伟大又可怕，个人永远拧不过时势啊，英文名译成likeaflowingriver太合适了,5,2
皇甫宅,https://www.douban.com/people/144628370/,2016/4/15,5,2018/12/23,23:24:05,54,25，26太棒了，5星。,5,2
树君,https://www.douban.com/people/74862234/,2013/7/4,5,2018/12/15,17:53:28,58,看了两集深深爱上了王凯12.21萍萍下线了我暴风哭泣啊我的天萍萍走了我没有追剧的动力了,5,2
爱上彼岸花,https://www.douban.com/people/166769568/,2017/9/15,5,2018/12/13,13:30:31,54,书粉看到今天，忍不住打分啦。就想说这句话：《大江大河》就是我期待甚至超过我期待的样子！五星鼓励。,5,2
齐鲁青未了,https://www.douban.com/people/182396996/,2018/8/6,5,2018/12/17,23:26:26,45,这才是真正有内涵，有生活气息的剧，比那种小孩子过家家一样的爱情剧，商战剧好看太多，演员演技也非常的质朴，生活，感觉他们就是那个时代的人,5,2
狮子和小白杨,https://www.douban.com/people/152705399/,2016/10/19,5,2018/12/11,2:50:54,45,看完第一集，我真的哭😭死了期待了这么久，不负众望,5,1
青山,https://www.douban.com/people/79383822/,2013/10/26,5,2018/12/26,23:20:01,48,正午阳光+孔笙+王凯我真的要吹爆！播两集我就哭了两集。节奏刚刚好，没有开倍速不知不觉就演完了！这一家子人真的看的人心疼(ಥ_ಥ)凯凯王的少年感真的绝了，委屈巴巴地背人民日报那段真的溢出屏幕的倔强啊！！东宝和萍萍甜哭啦！！！好喜欢他们为什么不能一直在一起(ಥ_ಥ),5,2
南国i,https://www.douban.com/people/185777240/,2018/10/12,5,2018/12/13,13:16:52,44,让我看到国产剧还有希望的代表之一～正剧来说，没有一味吹捧只是演绎现实，偶像剧来讲也没有圣母婊和什么霸道总裁，特别反感评论区那些键盘侠，除了逼逼什么都不会干，看的下去那些四十多岁的还在装嫩演霸道总裁的，看不下去王凯才三十几岁演一个青年到中年的成长？虽然有些不足但在近几年的国产剧中目前这剧已经出类拔萃了，某人还故意来这里恶意拉分刷存在感，本来想四星，看到这些东西果断五星,5,0
张震普拉斯,https://www.douban.com/people/andrewsqure/,2011/7/16,2,2018/12/24,23:27:57,9,一般吧。王凯的面瘫演技。剧情真的是…又慢又土…,2,0
周六雨已晴,https://www.douban.com/people/130741956/,2015/7/5,4,2018/12/19,22:37:04,49,非常好看，演员演的到位，丝毫没有违和感，终于知道王凯为什么会红,4,2
我烦的CP都BE了,https://www.douban.com/people/133681093/,2015/8/27,5,2018/12/13,22:14:07,58,几个镜头又美又淳朴宋运辉哽咽那里我直接掉泪,5,2
壳子,https://www.douban.com/people/157874975/,2017/2/16,5,2018/12/16,22:21:55,46,最近两集的剧情越来越有点惊到我了…谁能想到每天不管多晚回家我都要追这个土土的剧…画面真美，演员完美，每个人站出来都是活生生书中人呐！,5,2
拒绝抄袭衍生品,https://www.douban.com/people/164398687/,2017/7/28,1,2018/12/28,23:12:15,13,连看八集，宋运辉太变态了，我已经吐了，这剧和《平凡的世界》《白鹿原》哪有可比性！无论原著还是电视剧都比不了！姐姐倒是挺漂亮的，小女生也很可爱。,1,0
半清醒伴时光,https://www.douban.com/people/156959754/,2017/1/28,5,2018/12/13,13:31:53,53,这是一部值得9分的剧。对当时有相当高的还原度。你也会觉得那时的人朴实得可爱。,5,2
心升明月,https://www.douban.com/people/75432241/,2013/7/17,5,2018/12/14,0:31:00,58,王凯演这个角色毫无违和感～,5,0
ZuDCT,https://www.douban.com/people/140321929/,2016/1/9,5,2018/12/23,12:58:14,54,助大江大河上9分！这种每集40分钟完全不想快进感觉只有10分钟的剧还多吗！！果断5星,5,0
魏爱夏,https://www.douban.com/people/147181092/,2016/6/16,5,2018/12/16,8:56:38,57,王凯的演技真的很棒，没文化的我只能这么说,5,2
发烧，梦回蓝桥,https://www.douban.com/people/147903539/,2016/7/4,1,2018/12/18,20:08:27,11,永远抓住亿万分之一的个体成功,1,2
薇薇安,https://www.douban.com/people/176565592/,2018/4/6,5,2018/12/16,0:15:36,54,不愧是王凯一个字棒，正午出品必是良品孔笙导演的又一部传奇剧,5,2
零,https://www.douban.com/people/mko07/,2010/5/28,2,2018/12/20,11:00:47,11,王凯真的是一个极具个人风格的演员：擅长将任何性格的人物全部演成二愣子傻逼。这部剧为了迎合某主题，把小说情节重新剪辑加整合得面目全非，还不如看原书。,2,2
黛青,https://www.douban.com/people/katherine120815/,2012/8/15,5,2018/12/13,9:03:20,57,事实证明，演年纪小违不违和除了和外表有关还和演技有关。寝室里那几个叔叔哄宋运辉跟哄孩子似的，太逗了。（万万没想到我会追这个题材的国产剧，都怪我妈,5,0
很高兴见到你,https://www.douban.com/people/163478276/,2017/7/7,5,2018/12/12,13:32:51,47,以前啊总是看不下去年代剧大江居然第一集就看得有点点想哭时间的震撼就这么来了不愧是正午阳光啊,5,2
呓落遗落,https://www.douban.com/people/139032460/,2015/12/15,5,2018/12/19,0:59:39,58,画面非常舒服，群戏非常自然真实，正午拍各种日常确实稳定优秀、信手拈来，理想化但又让人信服，节奏出人意料地高潮迭起，金州厂异常精彩。喜欢小辉，王凯一直很厉害。,5,2
阿榛阿榛阿榛,https://www.douban.com/people/137909577/,2015/11/20,5,2018/12/19,13:47:09,47,认真来夸一下我们家王凯。清澈的少年感，他完全表现出来了(๑＞ڡ＜)☆我看剧的时候甚至会恍恍惚惚觉得宋运辉是真实存在的，忘记这是王凯。我认为这是作为演员最大的成功。,5,2
Ben,https://www.douban.com/people/polaris718/,2008/6/9,1,2018/12/21,18:22:22,10,没啥可说的，这是你应得的，满足你！,1,1
悠然静聆,https://www.douban.com/people/144769371/,2016/4/19,5,2018/12/12,23:02:48,63,作为书粉，这次我要吹爆正午阳光，吹爆孔笙黄伟导演，吹爆王凯及这个剧的每位演职人员，每晚两集根本不够看呀！！！,5,2
彼岸花,https://www.douban.com/people/173940209/,2018/2/13,5,2018/12/13,9:12:25,62,那些叫嚣主角应该是小鲜肉，王凯来演太老了的黑子们，请摸着良心问问:你家所谓的面瘫小鲜肉们真得能演出宋运辉吗？,5,0
恠往逺方,https://www.douban.com/people/69460901/,2013/2/24,1,2018/12/18,17:17:15,11,好多地方与真实历史情况不相符,1,0
小萌鱼的旅行,https://www.douban.com/people/166360413/,2017/9/4,1,2018/12/18,22:08:09,14,看了5集，看不下去了。分打得这么这么高，不可思议。杨烁演得一如既往的差。王凯演得也不咋地。,1,0
米莎,https://www.douban.com/people/152256253/,2016/10/9,5,2018/12/14,8:20:03,51,回忆起了我刚过世的爸爸，恢复高考那一年，他也是考上了大学，结果因为成分不好，被村里的个别人反对，结果没能走出去。哎，那个时代，并不是每个人都有小辉这么好的机遇的，更多的人还是被局势所淹没。,5,0
二狗,https://www.douban.com/people/174416917/,2018/2/22,5,2018/12/11,2:06:54,42,一口气读完原著再看电视剧，正午阳光没让人失望，质感很不错。第二集里宋运萍写放弃政审的申请书时，太让人心酸了，想到不久她就会领便当，都不忍看下去了Ծ‸Ծ,5,2
٩꒰ ⁎•ᴗ•⁎꒱۶,https://www.douban.com/people/161660676/,2017/5/22,5,2018/12/28,13:14:45,51,父亲只比宋运辉小几岁，也是从小山村考出来在大城市站稳脚跟，他看时常常指着某个场景对我说你看我当时就是这样的。感觉看到了父辈的人生。,5,2
狗狗狗！！~,https://www.douban.com/people/145581139/,2016/5/9,5,2018/12/10,22:06:35,47,今年最期待的国产剧。“一代人有一代人的际遇，一代人有一代人的奋斗”，想看看祖国七八十年代的画风，看父母辈们在他们的青春岁月里怎样艰苦奋斗逐梦前行。第一二集没有让我失望。片头邓爷爷讲话的声音差点听哭我了，宋运辉背人民日报关于国家支持青年人报考大学的社论、大学宿舍里讨论十一届三中全会的场景都看得心潮澎湃。期待后面剧情线铺展开来。最后夸夸王凯，真一人千面，台词太棒，我愿意每天听小宋同学读两小时人民日报。,5,2
真诚的影评人,https://www.douban.com/people/179782996/,2018/6/11,1,2018/12/25,22:00:09,4,无聊的剧情和老套的情节，不是感人的那种，看不下去。主角演技还有很大的提升空间。,1,1
Alon,https://www.douban.com/people/47579606/,2010/11/22,1,2018/12/22,4:12:07,12,一般般，分有点虚高。,1,0
煮月亮,https://www.douban.com/people/146394927/,2016/5/29,5,2018/12/12,1:16:28,46,其实真的蛮棒的，个人感觉正午的剧真的比原著好，但讲真，会有人因为不喜欢演员而刻意低分就很难过呀，所以要给我大江打电话,5,2
不方便先生,https://www.douban.com/people/166628171/,2017/9/11,3,2018/12/28,12:44:03,5,2集弃，看的心累,3,2
徐内向,https://www.douban.com/people/goodbyekiller/,2009/5/2,1,2019/1/2,18:34:27,9,差评居然这么少？豆瓣果然不是以前的豆瓣了==,1,0
so what？,https://www.douban.com/people/139613585/,2015/12/28,5,2018/12/17,22:30:04,40,编剧、导演真心厉害……老猢狲分析县里形式……真的太到位了,5,0
木子,https://www.douban.com/people/167972194/,2017/10/10,5,2018/12/18,23:24:22,49,时代的献礼，很喜欢这种年代剧，王凯演的很真实，喜欢姐姐这个角色。,5,2
面向阳光,https://www.douban.com/people/178436759/,2018/5/9,1,2018/12/20,19:19:37,13,并没有感觉多好。,1,1
外增高的敬明,https://www.douban.com/people/SakuraKyouko/,2011/2/19,5,2018/12/22,11:09:36,50,正午精品第二集看哭kkw的委屈演的太棒了,5,2
姚姬长乐,https://www.douban.com/people/chenxiaohan/,2009/5/8,5,2018/12/24,20:34:46,42,论演技，姐姐写“放弃”那一笔一划，爸爸被儿子责怪“都怪你”时的痛彻心扉，弟弟轻声说“通知书到了”语气里的喜与惊。论题材，弹幕里问什么是“成分”，问为什么不能读大学，那四十年前的昨天，并不遥远，年轻人却没听过它的故事，像是虚构的另一个地方。,5,0
茶茶,https://www.douban.com/people/153791109/,2016/11/14,5,2018/12/11,2:03:03,50,真的是那个年代的样子哎。宋运辉就是宋运辉的那个样子阿👏,5,0
丙泊酚,https://www.douban.com/people/65590930/,2012/10/22,5,2018/12/10,21:46:39,48,剧情紧凑演员演技在线真的非常好看我和爸爸一起看的一边看他一边给我讲过去的事情特别是小雷家的事情他深有感触,5,2
灰常宅,https://www.douban.com/people/neigechen/,2006/3/2,5,2018/12/11,22:25:40,39,三条线并进其实看得出力不从心三线割裂这个问题其实书里更严重但是总体是近年质量最高的国产剧了,5,1
米豆,https://www.douban.com/people/153057697/,2016/10/27,5,2018/12/11,4:58:14,51,1978年我还没出生，那时候的生活和现在差别好大，看电视剧感受父辈生活~王凯的小青年倔强又坚持，瘦瘦的，为了一个读书的机会站在大院里背报纸上看到的政策，泪目。。宋家姐弟很美好,5,2
｡✧* ꧁棉꧂✧*｡,https://www.douban.com/people/144088054/,2016/4/3,5,2018/12/14,11:00:18,50,我不知道为啥，看着看着就想哭了，我这个年龄的这一代人真的需要好好了解一下78开放时期的祖国，说真的这不只是一部电视剧，也是一次很好的爱国教育，最后，王凯牛x，正午牛x,5,2
孙庆贞,https://www.douban.com/people/166555859/,2017/9/9,5,2018/12/24,21:48:31,46,论好演员的重要性！杨烁演得看的真让人舒服，王凯演得真好！,5,2
W-H-王☝,https://www.douban.com/people/140683056/,2016/1/17,5,2018/12/17,0:34:57,39,个个演技在线……加上剧情确实敢写……好剧!,5,1
快乐可爱健康,https://www.douban.com/people/Jenny1989/,2008/10/11,5,2018/12/10,22:43:15,44,好看，无论是画面质感还是剧情节奏还是演员演技，而且一定要在视频网站上开蓝光看，真的非常享受了！,5,2
天山雪莲1896,https://www.douban.com/people/144408206/,2016/4/10,5,2018/12/10,23:45:58,53,刚看过了。确实很棒，实实在在的还原了当时的社会矛盾。凯凯王非常棒。喜欢。_刚看了21集，虽然已经知道结果，还是哭死了。经常就想，如果作者不让宋运萍下线，雷东宝会不会依然还是雷东宝？也可怜我的小灰灰那么的自责痛苦。生活不容易，且行且珍惜。宋运辉加油。看完了，带着希望，也带着一丝遗憾。王凯超级棒，完完全全的把宋运辉刻画到了骨子里。金州线就是被砍掉那么多也精彩。讨厌雷家村周而复始，没完没了的折腾。因为王凯，不舍得扣分。,5,2
金莎,https://www.douban.com/people/64447268/,2012/9/5,5,2018/12/16,9:10:43,45,太真实了，打从进了金州厂之后，这剧情就开始真实的不像话，大厂子里头水深的那种现状真是表现的淋漓尽致，每个人心里头的那点小九九，呵呵。,5,2
顺顺,https://www.douban.com/people/152434766/,2016/10/13,5,2018/12/18,14:19:33,52,正午的片子多数质量都有保证，王凯真是男主的最佳人选,5,2
耀小萌yo,https://www.douban.com/people/liyi151126/,2016/10/26,5,2018/12/13,12:44:10,44,主旋律的正剧，但是并不死板枯燥，也没有空喊口号，太符合我胃口了，正午果然最会拍日常。还有，感受到了制作方的用心，质感太棒了，听说王凯为这戏减重14斤，很敬业，演得也好，细节和情绪把控都很到位。全剧最喜欢宋运辉线，杨巡也很好，杨烁演技有待提高，嗓音听的我难受，不过剧总体很不错。,5,2
如也,https://www.douban.com/people/154451659/,2016/11/29,5,2018/12/13,22:51:57,55,真的太好了。给孔导打电话٩(ˊᗜˋ*)و（王凯还是那么令人心动,5,2
父母爱情,https://www.douban.com/people/159800869/,2017/4/2,5,2018/12/13,0:17:13,49,因为原著的原因，特别关注大江大河，今天看了第一第二集放心了。正午团队制作水平一如既往的好，王凯扮演的宋运辉倔强勤奋，能上大学真是不易！明天继续追剧！,5,2
沙漠里有宝藏吗,https://www.douban.com/people/159660825/,2017/3/29,2,2018/12/27,11:00:29,5,讲真我不喜欢这个故事背景，剧情也好无聊，看了十分种看不下去了,2,0
小柯梦,https://www.douban.com/people/73704669/,2013/6/10,5,2018/12/10,22:41:40,44,从没有让人失望，处女座的导演还是一如既往地高水平。,5,0
路丶一直都在,https://www.douban.com/people/57908260/,2012/1/19,5,2018/12/19,23:27:21,48,一天十五集过来五星。,5,2
秒速五厘米的雪,https://www.douban.com/people/136774706/,2015/10/28,5,2018/12/11,10:57:15,41,半年前看完了原著，前两集看下来，正午和孔笙导演一如既往地保持了高水准，期待壮志凌云的宋运辉，一心为小雷家的雷东宝，靠卖馒头起家，跌跌撞撞却永远打不倒的小杨馒头。更期待明年下部里的风云混战,5,2
August,https://www.douban.com/people/136394305/,2015/10/21,5,2018/12/19,2:48:38,43,给我上九分,5,1
一只掉了的马甲,https://www.douban.com/people/90746274/,2014/6/9,5,2018/12/11,9:22:52,51,好看鸭！正午前两集也不慢真是为难他们了，节奏很好，该慢的地方也慢了，景色还是很漂亮，正午装修队还是666，配乐很好听。王凯黑瘦黑瘦的，真像十几岁，也太可爱了叭！,5,2
大凯凯,https://www.douban.com/people/39863904/,2010/4/29,5,2018/12/24,22:31:39,44,一个国产电视剧能让我打五星的不多大江大河是一个。拍的正好。,5,2
一只会飞的猪,https://www.douban.com/people/166873586/,2017/9/17,3,2018/12/19,21:09:13,6,看到如此高分才点进去看的，唉，今年是没什么好剧了吗？个人觉得不值这个分，宋运辉的线实在拖拉且无趣，王凯的前期的演技实在是木讷的不行，看的好生尴尬，后期毕竟还没播，不做评价。童瑶和杨烁表现的还不错。,3,0
莘莘,https://www.douban.com/people/dino/,2005/10/23,3,2018/12/27,5:45:40,6,我觉得王凯演什么都一个样，就是木。,3,0
西瓜不甜不要钱,https://www.douban.com/people/180560442/,2018/7/1,5,2018/12/16,12:43:47,49,八集就结婚，不拖泥带水，这节奏我喜欢。最感动的是，宋运辉那么清高的一个人，为了姐姐出嫁能热热闹闹，放下心结主动联系亲戚妥帖地安排好一切，姐弟俩的感情令人羡慕，可惜，一想到萍萍的结局就不忍继续追下去……,5,2
Echo,https://www.douban.com/people/172849180/,2018/1/20,5,2018/12/13,23:17:12,51,寝室三个人追，追剧频率不同，这边在哈哈哈哈那边在咦咦咦，沉迷于东宝书记和运萍的甜蜜羞涩爱情，被小辉辉与三个大叔室友的群口相声逗得傻笑不停，万万没想到会掉进年代戏的坑,5,2
沫沫,https://www.douban.com/people/174409146/,2018/2/22,5,2018/12/12,18:24:10,48,这是一部留的下来的好作品，看过原著，听过两遍书的人，带着挑剔审视的眼光看完了四集！本以为这样厚重题材的剧，节奏会比较慢，没想到快的有种飞起来的感觉！孔笙、黄伟导演又有了新突破，整个剧像看电影一样，一个字爽！一代人的记忆，一代人的痛点，也是那个时代的痛点，同样是一代人的奋斗史，一个时代的转折点，他们应该被记录下来！演员对人物的诠释也很到位，姐姐的宋运萍，温柔、善良、隐忍、坚强、孝顺，对弟弟的疼爱与包容，人物特点到位。王凯的宋运辉，前两集的宋运辉，在姐姐面前是一个乖乖的少年，在外人面前，自卑、囧迫、倔犟，对雷干部防备的眼神，抓自己衣服的样子，把从小受欺负，被人嘲笑的少年形象诠释的很到位，像从书里走出来的样子！,5,2
不能输给下雨天,https://www.douban.com/people/145519811/,2016/5/7,5,2018/12/10,22:38:05,50,看了两集，感觉不错，节奏掌握的很好，王凯这回演技有很大进步，期待后续剧情,5,2
易道,https://www.douban.com/people/yidaowang/,2012/3/15,5,2018/12/25,0:56:22,44,单纯的想让它上9分,5,0
思帝乡,https://www.douban.com/people/172867203/,2018/1/20,5,2018/12/10,22:52:00,45,今天看了两集，只想感慨不愧是正午和孔笙导演。不管是自然环境还是人文环境都很还原，姐姐弟弟因为家庭成分只能有一个去上大学的时候泪目了，设身处地的想如果是我是做决定的人恐怕也会如此，我弟大约亦然，只看是谁做决定，我们好像都比较缺乏抗争精神😂不过也讲不好，毕竟时代不一样，不知道那个时候是屈服了的人多还是抗争了的人多。但是如果是剧中的宋运辉做决定应该会继续念人民日报吧。不过还好，希望姐姐明年也能上。寝室的那段太搞笑了，室友分别是大叔，二叔和三叔😂😂，三叔看起来还很争强好胜。（宋运辉读人民日报真好听，不知道同学们听那么认真是因为是听声音还是听内容😂）。这部剧可能我再小个两三岁大约不会看，庆幸现在正当时，不会错过，真好。但是电视屏幕上下都有一截是黑的，这个要怎么调啊_(:_」∠)_,5,2
硕爷,https://www.douban.com/people/57583046/,2012/1/7,5,2018/12/16,4:25:23,60,不管，爸妈看着呢，我给kkw来个满分～,5,2
斯文的文斯,https://www.douban.com/people/67760545/,2013/1/2,5,2018/12/24,0:56:27,45,好多镜头看了都让人感动，国家改革开放一步步走到现在真的不容易。当然也得拍的好才看的下去，正午阳光真是良心剧组，选的剧本扎实，拍戏认真，细节做的很好，布景精致，演员也都演的很符合角色特征。虽然只看了几集，就已经可以从人物的身上看到历史的厚重，但又不失戏剧性，能吸引人继续看下去。有句话说的好，拍戏要尊重观众的智商，这样就算正剧也能拍的好看。很多国产剧就是糊弄，能好看才怪了。,5,2
genie,https://www.douban.com/people/143316724/,2016/3/16,5,2018/12/19,0:09:01,42,目前看了十几集了，是难得不拉进度条，不开倍速的剧了。全员演技在线，而且导演想表达的和他的格局比我想象的要多要大，很多不能明说的东西，都通过镜头暗示了，比如一些神仙打架，党派斗争什么的。,5,2
道花香,https://www.douban.com/people/172900213/,2018/1/21,5,2018/12/10,21:55:59,51,阿耐的大江东去久闻其名，听说开播了看看吧，被王凯站在革委会前背人民日报的眼神戏抓住了，好评，其它的待我慢慢追来,5,2
JinmingZhang,https://www.douban.com/people/93274710/,2014/7/19,5,2018/12/10,23:04:16,40,挺精致的，正午影业直接走起,5,2
风易飏,https://www.douban.com/people/166155965/,2017/8/30,3,2018/12/10,20:54:55,37,晚上陪我爸看大江大河，老实说我对年代剧不感兴趣，但是我老爸看了非常有感、一边看一边说，里面好多场景都是他当年经历过的，因为我爸和我奶奶都是老师都被骂过臭老九。,3,2
jiajia,https://www.douban.com/people/151627491/,2016/9/25,5,2018/12/11,0:22:24,46,补完了1、2集！不愧是拍电影的镜头拍摄的，果然想看电影，画面太美了吧[色]剧情特别紧凑，2集已经演到上大学快半年了。有虐心，又有搞笑成分。姐弟两颜值太高了，挪步开眼nei。18、19岁的宋运辉，动作和说话腔调，王凯演绎得实在准确,5,2
水晶,https://www.douban.com/people/143853948/,2016/3/28,5,2018/12/11,15:18:55,53,小说看了三遍，一直很期待电视剧，看了今晚的两集，身为60后的我觉得太贴合那个时代了，剧情也很紧凑，演员真没话说，演宋运辉的王凯传神地演出了宋运辉的倔强执着较真，竟然满满的少年感。姐姐也非常不错，演出了那个时候女孩的那种纯情和善良，而且我觉得姐姐很漂亮，画面秉承了正午的一贯传统，很美，总之，值得一看。,5,2
晴公子,https://www.douban.com/people/143247061/,2016/3/14,5,2018/12/10,20:14:18,55,非常喜欢阿耐的《大江东去》，其实看之前挺忐忑的，怕拍不出心中的故事。看了一集，觉得放心了，宋运辉就是那个样子，瘦而倔，王凯完成得很好，童谣的宋运萍也不错，素颜吧，漂亮，演技也不错。期待以后金州厂、东海厂的剧情。,5,2
Shen_Chocolate,https://www.douban.com/people/50455314/,2011/3/29,3,2018/12/10,20:30:28,39,如果重来一次，我上大学一定不逃课了。对比了阿耐原著，剧情的改编需减一星。,3,0
苯钿,https://www.douban.com/people/boxfishking/,2018/4/18,2,2019/1/2,19:45:48,6,8.9？？怎么得到的……,2,0
飞羊羊,https://www.douban.com/people/159566015/,2017/3/26,5,2018/12/10,21:36:03,44,今晚的眼泪都给宋家姐弟了。明晚小雷家相声队可以期待一下。,5,2
飞鸟,https://www.douban.com/people/58994214/,2012/2/27,3,2018/12/23,0:58:35,7,熬夜追了二十多集，总体来说是部好剧，评分虚高了。配角演的挺好，尤其是扮演老猢狲的这个演员，太生动自然了。三个男主，王凯的演技和台词还是生硬，直接被杨烁和董子健吊打，童谣演啥都一个味。故事还行，有时间再追。,3,2
潇潇,https://www.douban.com/people/169246333/,2017/11/6,1,2018/12/17,15:48:51,11,挺服正午的。国剧有希望了。,1,1
不知,https://www.douban.com/people/176961209/,2018/4/9,5,2018/12/25,21:09:26,49,宋运辉没有一路开挂的主角光环，更没有完美的人物设定，有的只是一份“不可能，我不信”的执拗，是“选择站在正确一边”的胆识，是“不想辜负这个时代”朴素又感人的宣言。,5,0
柚子,https://www.douban.com/people/153165029/,2016/10/29,5,2018/12/12,17:30:24,45,正午阳光出品，实力派演员王凯杨烁董子健童谣，还有一派正午的实力配角演员倾力出演，十分值得追的正剧！了解我们年轻人不曾经历过的那个时代，看着剧中宋家姐弟因为上大学受阻的事情心疼不已，那个年代的无可奈何被他们演绎的淋漓尽致。每晚牢牢守在电视机前。,5,2
心契,https://www.douban.com/people/82306971/,2014/1/14,5,2018/12/11,1:33:47,42,正午镜头下的我老哥哥啊，好久不见！花了整整两个月，一帧不落地把整部剧完完整整地看完了，是真感动，真震撼，真鼓舞！被精神，爱情，亲情，友情等等所感动。如果有十分我也会十分打爆的，是一部不打折扣的正午剧，期待第二部！,5,2
[已注销],https://www.douban.com/people/181510391/,unknow,1,2018/12/22,23:49:17,10,高考是1977年恢复的，根本不是1978年。恢复高考的首届大学生是1977年秋季高考，1978年初入学，称为77级。1978年高考，当年秋季入学的，是恢复高考后的第二届大学生，称为78级。电视剧什么1978年这文件那政策的，纯属瞎编，是扯淡！许多细节更是想当然，与生活不相干！后面看不下去，算是看了！一颗星。,1,0
桃桃淘电影,https://www.douban.com/people/qijiuzhiyue/,2005/10/9,4,2019/1/5,1:06:12,29,等第二部。,4,1
nanduse,https://www.douban.com/people/154627429/,2016/12/4,5,2018/12/10,19:58:15,48,看了一集，质感很好，希望通过这部剧能让我对我的上一辈人的奋斗史有个很好的了解！好剧要支持！,5,2
我信了你的邪,https://www.douban.com/people/152500381/,2016/10/14,5,2018/12/30,0:32:49,41,考完研的两三天开始看的，看了宋运辉的经历顿时觉得自己付出的什么都不算。他才是真的把“求知若饥”体现的淋漓尽致，真正能解渴的是专业性的读物，文学性读物是解不了渴的。而且最让我佩服的是他对于自己出身的坦荡。我仔细思索了一会，这种事情逃避确实是没用的，它是客观存在的，要坦然地认识它正确的认识它才能想办法去改变它发挥主观能动性。另外，大概也懂得了为什么大家都说现在大学生不稀罕了，不仅是人数增加了，和以前相比，那时他们的求知若饥的精神，互相为了各自的观点辩论，从学识到思维真的是与当时的普通群众高出了好多水平。但如今的大学生，就我个人来说，只有应付考试才去图书馆，专业性的知识尚且没有大量获取，更不必说增长见识的阅读文学性读物了；,5,0
砰砰旦,https://www.douban.com/people/172623783/,2018/1/15,5,2018/12/10,22:09:17,50,今晚上看了两集，还是正午熟悉的配方。剧情紧凑不拖沓，台词逻辑不脑残，戏剧冲突还算激烈，美术道具逼真还原。两集也赚了我一些眼泪。王凯演的真棒，从形态到台词，棒极了！,5,2
leejunkifan,https://www.douban.com/people/137131366/,2015/11/4,5,2018/12/10,22:46:14,43,相当好看，值得追，很有年代感，雷东宝和宋运萍结婚把我妈看哭了，真正了解那段时光的人不会打一星。,5,2
sahoeko,https://www.douban.com/people/42940059/,2010/7/3,5,2018/12/16,0:25:02,39,有生之年作，终于不需要看尬剧了。观众被尊重了。一直希望能看到真正的经济转型期的时代剧，这部剧满足了我的想象，非常地感谢这个团队。,5,2
明则,https://www.douban.com/people/169168127/,2017/11/4,5,2018/12/10,23:43:12,40,看完了腾讯更新的前两集，感觉非常好，画面很好，节奏也可以，姐姐放弃名额那里看哭了。,5,2
孤独的猪肘子,https://www.douban.com/people/150132443/,2016/8/22,5,2018/12/17,18:30:33,45,这剧应该比琅琊榜更好，毕竟琅琊榜主角光环太严重，但是这部最后三个人不一样。,5,1
芃芃⛽️,https://www.douban.com/people/3435910/,2009/1/1,5,2018/12/11,21:47:16,43,看了前四集，有泪点有笑点，人物立得都很好，演员编剧导演每一位都功不可没,5,2
呆呆的芯块,https://www.douban.com/people/175248491/,2018/3/11,5,2018/12/18,0:00:56,50,十分送给我的凯凯王。制作精良，演技在线，满满诚意之作。,5,2
墨白,https://www.douban.com/people/161986191/,2017/5/31,5,2018/12/11,1:08:24,50,好看，惊喜。本来以为这题材的剧不是我的菜，为了老王我看，但是看到第二集我一个90后感同身受怎么回事?正午就是正午，冷宫终于有剧追了,5,2
小萌爪,https://www.douban.com/people/1424607/,2007/2/12,3,2018/12/29,7:17:26,4,王凯一点也不像19岁啊，即使弄了厚刘海,3,0
想吃水煮牛肉了,https://www.douban.com/people/150931589/,2016/9/9,5,2018/12/11,7:28:28,40,真的好看，虽然没经历过那个年代，但是看完以后还是热泪盈眶。,5,2
Yanhui,https://www.douban.com/people/49852057/,2011/3/3,5,2018/12/10,20:18:11,57,第一集已阅~~~抱抱宋运辉姐弟俩~~😭😭😭😭~~~看了四集了~~特别好看~前两集在哭，三四集又在笑，像个傻子🙃,5,2
周游,https://www.douban.com/people/3291325/,2008/12/1,5,2018/12/10,20:05:45,48,1977年冬季高考和1978年夏季高考，全国有1160万青年走进考场。看到这个数字就会知道，宋运辉和宋运萍他们的这次机会是多么宝贵。,5,2
悟邪,https://www.douban.com/people/174109498/,2018/2/17,5,2018/12/10,23:32:45,42,情感真挚充沛，感觉演员们的情绪都快要从手机屏上喷薄出来了！,5,2
HUULUN|刹,https://www.douban.com/people/HUULUN/,2007/8/29,5,2018/12/18,6:31:07,39,今年国剧第一没悬念了,5,0
花凉,https://www.douban.com/people/145259268/,2016/5/1,5,2018/12/10,20:17:00,54,刚看完第一集，不枉费我期待了这么久，正午阳光确实厉害，追起来。,5,0
桃之夭夭,https://www.douban.com/people/146043097/,2016/5/20,5,2018/12/13,16:06:52,39,年代的质感非常好，每个小人物都朴实有趣，有血有肉，目前很满意。,5,2
怎么地吧,https://www.douban.com/people/153646365/,2016/11/10,5,2018/12/23,16:15:05,52,爸妈也在看，他们特别有共鸣，我妈说我爸当年就像宋运辉一样呆里呆气还是我妈主动约他。现在也是这样，爸爸没事就是看书看报，只是我爸没有宋运辉帅啦！,5,2
ElKa,https://www.douban.com/people/139742130/,2015/12/30,5,2018/12/11,4:58:34,45,比我预期的要好很多，总体来说很惊喜，质量上真的是国产剧2018最佳了。演员演技都在线，看的时候完全被剧情吸引进去了。最喜欢金州线，尤其是宋运辉和水书记的对手戏，有种时代交替，长江后浪推前浪的感觉，大江大河的磅礴气势就出来了。,5,2
s、、f,https://www.douban.com/people/168553609/,2017/10/22,5,2018/12/14,1:02:26,42,我现在想看第二部想看宋厂长,5,1
烟,https://www.douban.com/people/148536232/,2016/7/19,5,2018/12/12,23:52:27,47,期待很久的大江大河终于播了，追完了4集值得继续追下去。好的剧本，好的团队，好的演员。王凯饰演的宋运辉就是书里走出来满满的少年气，随着故事的展开相信宋运辉会给我们带来更多的惊喜。,5,2
